id,name,description,category,price,city,country
1,Rank,odio porttitor id consequat in consequat ut nulla sed,Salmon - Fillets,8.19,Kiryū,Japan
2,Konklux,est phasellus sit amet,Juice - Apple Cider,2.07,Puerto Madryn,Argentina
3,Zamit,cras mi pede malesuada in,Apricots - Halves,9.13,Palaiochóri,Greece
4,Zaam-Dox,venenatis lacinia aenean sit amet justo morbi ut odio cras,Ice Cream Bar - Hagen Daz,2.89,Solna,Sweden
5,Overhold,adipiscing elit proin risus praesent lectus vestibulum quam sapien varius,Cod - Black Whole Fillet,0.32,Macia,Mozambique
6,Daltfresh,ligula pellentesque ultrices phasellus id sapien in,Sponge Cake Mix - Chocolate,7.66,Żarów,Poland
7,Mat Lam Tam,consequat in consequat ut nulla,Celery Root,5.30,Kaiyuan,China
8,Matsoft,vestibulum eget vulputate ut ultrices vel augue vestibulum ante ipsum,Pie Shell - 9,0.52,Sanyantang,China
9,Y-Solowarm,nulla pede ullamcorper augue a suscipit,Sauce - Mint,8.16,Nakajah,Indonesia
10,Lotstring,commodo vulputate justo in blandit ultrices enim lorem ipsum,Pate - Peppercorn,5.11,Kalianda,Indonesia
11,Redhold,rhoncus aliquet pulvinar sed,Extract - Almond,5.30,Prapen,Indonesia
12,Overhold,ligula pellentesque ultrices phasellus id sapien in,Dikon,9.27,Betulia,Colombia
13,Kanlam,mauris vulputate elementum nullam varius nulla facilisi,Mix Pina Colada,3.57,Palangue,Philippines
14,Tresom,ut erat id mauris,Lamb - Whole Head Off,9.78,Ishimbay,Russia
15,Wrapsafe,platea dictumst aliquam augue quam sollicitudin,Lamb Shoulder Boneless Nz,1.37,Chocianów,Poland
16,Tres-Zap,justo etiam pretium iaculis justo in hac habitasse,Shrimp - 31/40,8.56,Quime,Bolivia
17,Alpha,mi nulla ac enim in tempor,"Wine - Red, Lurton Merlot De",5.33,Haibeitou,China
18,Prodder,luctus et ultrices,"Oil - Food, Lacquer Spray",1.40,Feodosiya,Ukraine
19,Bytecard,lobortis vel dapibus at diam nam tristique tortor eu,Coffee - Decaffeinato Coffee,1.80,Qushi’an,China
20,Y-find,eleifend donec ut dolor morbi vel lectus in quam,Chick Peas - Dried,1.64,Akat Amnuai,Thailand
21,Asoka,ligula in lacus curabitur,Wine - Chablis J Moreau Et Fils,0.93,San Diego,Colombia
22,Fix San,porttitor lorem id ligula suspendisse ornare consequat lectus in est,Coffee - Decaffeinato Coffee,0.29,Bābol,Iran
23,Daltfresh,diam neque vestibulum,Soup Campbells Split Pea And Ham,3.79,Cisiih,Indonesia
24,Tampflex,vel augue vestibulum ante ipsum primis,Venison - Racks Frenched,7.15,Gempol,Indonesia
25,Bytecard,orci pede venenatis non,Table Cloth - 53x69 Colour,7.98,Xinghua,China
26,Sonair,tellus in sagittis dui vel,"Bread - Dark Rye, Loaf",1.80,Beaufort,Luxembourg
27,Fix San,pede ac diam cras,Sugar - Fine,9.03,Fontana,Argentina
28,Domainer,elementum nullam varius nulla facilisi cras non velit,"Trout - Rainbow, Fresh",2.14,Halle,Germany
29,Tresom,feugiat non pretium quis,Rice - Basmati,5.83,Muyudian,China
30,Latlux,in est risus auctor sed tristique in tempus,Spice - Onion Powder Granulated,5.38,Karanganyar,Indonesia
31,Stronghold,quam a odio in hac habitasse platea,Tea - Herbal - 6 Asst,9.50,Shimiaozi,China
32,Hatity,venenatis lacinia aenean sit amet justo morbi ut odio,Paper Cocktail Umberlla 80 - 180,7.24,Dębno,Poland
33,Aerified,sapien cursus vestibulum proin eu mi nulla ac enim in,Sugar - Monocystal / Rock,1.03,Catac,Peru
34,Holdlamis,quisque id justo sit amet sapien,Onions - Cippolini,8.06,Luče,Slovenia
35,Tres-Zap,amet erat nulla tempus vivamus in felis eu,"Pasta - Gnocchi, Potato",0.58,Beiping,China
36,Bitchip,feugiat non pretium,Beer - True North Strong Ale,3.18,Santander,Spain
37,Trippledex,cursus urna ut tellus nulla ut erat id mauris vulputate,"Soda Water - Club Soda, 355 Ml",7.60,Suocheng,China
38,Flowdesk,vel sem sed sagittis nam congue risus,"Bread - Roll, Soft White Round",5.79,Lanat,Philippines
39,Gembucket,diam nam tristique tortor eu,Eel - Smoked,3.97,Luxor,Egypt
40,Stronghold,amet nunc viverra,Dragon Fruit,5.99,Quinua,Peru
41,Zamit,consequat lectus in est risus,"Doilies - 10, Paper",5.14,Gumel,Nigeria
42,Duobam,nisi volutpat eleifend donec ut dolor morbi vel lectus,"Oil - Shortening,liqud, Fry",4.04,Zawiya,Libya
43,Stim,est quam pharetra magna ac,"Pepper - Black, Whole",8.08,Kahuripan,Indonesia
44,Trippledex,in hac habitasse platea dictumst morbi vestibulum velit,Magnotta - Bel Paese White,8.27,São Mateus,Brazil
45,Kanlam,sem sed sagittis nam congue risus semper porta,Tobasco Sauce,5.29,Monção,Portugal
46,Otcom,sit amet nunc viverra dapibus nulla suscipit ligula in lacus,Ham - Procutinni,1.80,As Sālimīyah,Kuwait
47,Sub-Ex,venenatis non sodales sed tincidunt eu felis fusce posuere felis,Chicken - Bones,2.28,Bacuyangan,Philippines
48,Keylex,fermentum justo nec condimentum neque sapien placerat,"Turkey - Breast, Smoked",2.58,Dumalinao,Philippines
49,Toughjoyfax,porttitor lacus at turpis donec posuere metus vitae ipsum,"Radish - Black, Winter, Organic",2.78,Kashima-shi,Japan
50,Tresom,cubilia curae nulla dapibus dolor vel,General Purpose Trigger,6.56,Aliaga,Philippines
51,Cardguard,in blandit ultrices enim lorem ipsum,Shrimp - Black Tiger 13/15,7.25,Carabayllo,Peru
52,Voyatouch,eu tincidunt in leo maecenas pulvinar lobortis,Sobe - Orange Carrot,4.95,Shuangfeng,China
53,Lotlux,quisque erat eros viverra eget congue eget,Gatorade - Fruit Punch,4.55,Parachinar,Pakistan
54,Vagram,at turpis donec,Ham - Procutinni,6.47,Causwagan,Philippines
55,Hatity,ultricies eu nibh quisque id justo sit,Lettuce - California Mix,6.87,Sokolnice,Czech Republic
56,Matsoft,magna at nunc commodo placerat,Wine - Clavet Saint Emilion,2.40,Hongqi,China
57,Tres-Zap,justo aliquam quis turpis,Foam Espresso Cup Plain White,2.96,Köpingsvik,Sweden
58,Sub-Ex,interdum in ante vestibulum ante ipsum primis in,Truffle Cups - Brown,7.31,Campamento,Colombia
59,Tampflex,bibendum felis sed,"Wine - Red, Cabernet Merlot",8.00,Obollo-Afor,Nigeria
60,Daltfresh,tristique est et tempus semper,"Juice - Grapefruit, 341 Ml",6.27,Cijayana,Indonesia
61,Flexidy,bibendum morbi non quam nec,"Crab - Dungeness, Whole, live",4.12,Zango,Nigeria
62,Sonair,fusce consequat nulla nisl nunc nisl duis bibendum,Rosemary - Fresh,2.53,Shensuo,China
63,Fix San,pellentesque at nulla suspendisse,Jam - Apricot,1.89,Międzyrzecz,Poland
64,Trippledex,interdum eu tincidunt in leo maecenas pulvinar lobortis est phasellus,Bar - Granola Trail Mix Fruit Nut,9.70,Nangtang,Indonesia
65,Bigtax,eleifend donec ut dolor morbi vel,Pineapple - Regular,5.27,Cibiru,Indonesia
66,Veribet,amet cursus id turpis integer aliquet massa,Sausage - Blood Pudding,0.45,Al Khushnīyah,Syria
67,Lotlux,curabitur at ipsum ac tellus semper,Bread - Calabrese Baguette,4.17,Nakusp,Canada
68,Solarbreeze,interdum eu tincidunt in,Jameson - Irish Whiskey,1.35,Ichinoseki,Japan
69,Fixflex,duis consequat dui nec nisi volutpat,"Sugar - Sweet N Low, Individual",3.70,Nuevo Berlín,Uruguay
70,Temp,eu orci mauris lacinia sapien,Soup - Campbells Chili Veg,1.47,Tapado,Portugal
71,Hatity,nulla eget eros elementum pellentesque quisque porta volutpat erat,"Seedlings - Buckwheat, Organic",5.56,Uthai,Thailand
72,Bytecard,augue quam sollicitudin vitae consectetuer eget rutrum at lorem integer,Rice - Aborio,3.37,Nevel’sk,Russia
73,Voyatouch,augue quam sollicitudin vitae consectetuer eget,Sweet Pea Sprouts,2.72,Shenavan,Armenia
74,Opela,et tempus semper est quam pharetra magna,Venison - Ground,7.91,Tercena,Portugal
75,Y-find,nulla dapibus dolor vel est donec odio justo sollicitudin,Longan,2.06,Hutag,Mongolia
76,Asoka,mus etiam vel augue vestibulum rutrum rutrum neque aenean auctor,Molasses - Fancy,0.35,Mobile,United States
77,Zoolab,orci luctus et ultrices posuere cubilia,Alize Sunset,2.69,Gangnan,China
78,Bitchip,erat nulla tempus vivamus in felis eu sapien,"Wine - Red, Colio Cabernet",5.99,Atibaia,Brazil
79,Tresom,ridiculus mus etiam vel augue vestibulum rutrum rutrum neque aenean,Shrimp - 150 - 250,6.39,Bilad,Philippines
80,Overhold,aliquet at feugiat non,Salt - Sea,6.87,Остров Пасхи,Chile
81,Regrant,libero ut massa volutpat,Truffle - Peelings,5.00,Iradan,Kyrgyzstan
82,Aerified,natoque penatibus et magnis dis parturient montes nascetur,Napkin White,2.12,Cernay,France
83,Cardguard,potenti nullam porttitor lacus at turpis donec posuere,Oysters - Smoked,7.82,Kamru,China
84,Tin,justo in hac habitasse platea dictumst etiam faucibus cursus,Wine - Toasted Head,4.13,Guadalupe,Mexico
85,Solarbreeze,in purus eu magna vulputate luctus cum sociis,Table Cloth 90x90 Colour,2.17,Jurovski Dol,Slovenia
86,Y-find,blandit non interdum in ante vestibulum ante ipsum primis in,Avocado,8.13,Kuching,Malaysia
87,Prodder,et ultrices posuere cubilia,"Wine - Red, Gamay Noir",7.97,Al Madīd,Yemen
88,Lotlux,fringilla rhoncus mauris,Wasabi Powder,9.98,Chambéry,France
89,Zontrax,nulla sed accumsan felis,Buffalo - Tenderloin,5.38,Fengsheng,China
90,Sonsing,velit id pretium iaculis,Beef - Tenderloin,8.18,Ruilin,China
91,Domainer,sit amet erat,"Cheese - Cheddar, Medium",0.97,Luopu,China
92,Daltfresh,nulla dapibus dolor vel,Coffee - Espresso,4.24,Pirogovo,Russia
93,Transcof,aliquam augue quam sollicitudin vitae consectetuer eget rutrum,Beer - Paulaner Hefeweisse,5.86,Hougang,China
94,Hatity,in eleifend quam a odio,Cookie - Oreo 100x2,6.05,Santa Cristina Couto,Portugal
95,Latlux,aenean lectus pellentesque eget nunc donec quis orci eget orci,Table Cloth 81x81 Colour,1.35,Sirinhaém,Brazil
96,Home Ing,scelerisque quam turpis adipiscing lorem vitae mattis nibh ligula nec,"Lentils - Red, Dry",7.13,Chaoyang,China
97,Bitwolf,justo in hac habitasse,Cognac - Courvaisier,4.72,Majie,China
98,Cookley,nullam sit amet,Ham - Black Forest,6.21,Pargas,Finland
99,Cookley,nulla quisque arcu libero,Mayonnaise - Individual Pkg,9.18,Botevgrad,Bulgaria
100,Bigtax,cubilia curae nulla dapibus dolor vel est,Cassis,7.48,Uusikaupunki,Finland
101,Fix San,elit proin interdum mauris non,Sobe - Tropical Energy,9.22,Altay,Kazakhstan
102,Redhold,montes nascetur ridiculus,Tia Maria,8.47,Järfälla,Sweden
103,Bitchip,vivamus vestibulum sagittis sapien cum sociis natoque,Pie Box - Cello Window 2.5,2.65,Cholet,France
104,Lotstring,dolor morbi vel lectus in quam fringilla,"Chicken - Base, Ultimate",2.60,Curitiba,Brazil
105,Otcom,cras in purus,Tarts Assorted,9.46,Changlin,China
106,Gembucket,interdum mauris non ligula pellentesque ultrices phasellus id,"Stock - Beef, Brown",1.50,Ciudad Tecún Umán,Guatemala
107,Trippledex,erat quisque erat,"Salmon - Atlantic, Skin On",9.70,Brčko,Bosnia and Herzegovina
108,Matsoft,sapien non mi integer ac neque duis,Spinach - Packaged,7.60,Alenquer,Portugal
109,Namfix,nisl venenatis lacinia,"Quail - Eggs, Fresh",9.07,Naawan,Philippines
110,Tresom,molestie sed justo pellentesque viverra pede ac diam,Ecolab - Ster Bac,2.03,La Punta,Argentina
111,Home Ing,viverra diam vitae quam suspendisse potenti,Garbag Bags - Black,9.50,Tetebatu,Indonesia
112,Lotlux,neque duis bibendum morbi non quam nec,Appetizer - Smoked Salmon / Dill,7.24,Meringkik,Indonesia
113,Asoka,pharetra magna ac consequat metus sapien ut nunc vestibulum ante,Foam Tray S2,2.81,Hanna,Canada
114,Bamity,elementum eu interdum,Chips Potato Salt Vinegar 43g,8.74,Devon,Canada
115,Konklux,a odio in,Table Cloth 54x72 Colour,9.01,Zhoutou,China
116,Zoolab,blandit non interdum,Petite Baguette,7.10,Samannūd,Egypt
117,Rank,sollicitudin ut suscipit a,Soupcontfoam16oz 116con,0.47,Sucun,China
118,Zamit,erat volutpat in,Mussels - Cultivated,4.18,Shahrīār,Iran
119,Gembucket,pharetra magna vestibulum aliquet ultrices erat tortor sollicitudin mi,Oil - Shortening - All - Purpose,4.88,Bitkine,Chad
120,Veribet,quam sollicitudin vitae consectetuer eget rutrum at lorem,Wine - Beaujolais Villages,8.08,Kalāt-e Nāderī,Iran
121,Tampflex,ante ipsum primis in faucibus orci,Oil - Sesame,6.21,Şaḩneh,Iran
122,Namfix,luctus et ultrices posuere cubilia curae,Wine - Hardys Bankside Shiraz,7.83,Jati,Indonesia
123,Fintone,consequat ut nulla sed accumsan felis ut at,Mussels - Frozen,5.91,Tandou,China
124,Temp,morbi ut odio cras mi,Bread - Raisin Walnut Oval,1.36,Kavalerovo,Russia
125,Bytecard,nullam orci pede venenatis non sodales sed tincidunt eu,"Nut - Almond, Blanched, Whole",5.02,Arinos,Brazil
126,Voltsillam,amet justo morbi ut odio,"Wine - Niagara,vqa Reisling",5.36,Charata,Argentina
127,Biodex,sed tristique in tempus sit amet,Crab - Meat Combo,8.22,Babakandesa,Indonesia
128,Fixflex,vel accumsan tellus nisi eu orci mauris lacinia sapien quis,Island Oasis - Wildberry,2.78,Yayao,China
129,Flexidy,sit amet turpis elementum ligula vehicula consequat,Sloe Gin - Mcguinness,7.63,Ābdānān,Iran
130,Daltfresh,imperdiet sapien urna pretium nisl ut volutpat sapien,Wasabi Powder,8.78,Bayonne,France
131,Lotstring,ac diam cras pellentesque volutpat dui,Liqueur - Melon,7.86,Gainesville,United States
132,Pannier,sapien placerat ante nulla justo aliquam quis turpis eget elit,Salmon Steak - Cohoe 6 Oz,7.62,Yanshi,China
133,Toughjoyfax,vel accumsan tellus nisi eu orci,Sugar Thermometer,3.38,Gushan,China
134,Bytecard,sapien non mi integer,Olives - Kalamata,3.41,Gayamdesa,Indonesia
135,Transcof,elit proin interdum mauris non ligula pellentesque ultrices phasellus,Figs,0.13,Savelugu,Ghana
136,Fix San,felis donec semper sapien a libero nam dui proin leo,Latex Rubber Gloves Size 9,1.37,Yukou,China
137,Lotstring,sit amet sapien dignissim vestibulum vestibulum ante ipsum primis in,Chicken - Livers,8.65,Stod,Czech Republic
138,Tin,ac consequat metus sapien ut nunc,Cleaner - Comet,7.69,Kupino,Russia
139,Quo Lux,ut tellus nulla ut erat id mauris vulputate,Chocolate - Feathers,1.64,Genova,Italy
140,Gembucket,sapien iaculis congue vivamus metus arcu adipiscing molestie hendrerit,Parsley Italian - Fresh,0.34,Yegorlykskaya,Russia
141,Namfix,sed interdum venenatis turpis enim,Flour - Strong Pizza,4.70,Putrajaya,Malaysia
142,Duobam,pharetra magna vestibulum aliquet ultrices,"Lentils - Red, Dry",8.11,Solnechnyy,Russia
143,Zathin,suspendisse potenti nullam,Island Oasis - Sweet And Sour Mix,1.29,Chengguan,China
144,Tempsoft,ac leo pellentesque ultrices mattis odio donec vitae nisi,"Beef - Chuck, Boneless",2.13,Motupe,Peru
145,Domainer,diam neque vestibulum eget vulputate ut ultrices vel,Sun - Dried Tomatoes,2.98,Neochóri,Greece
146,Cookley,curae mauris viverra diam vitae quam suspendisse,Beef - Short Ribs,6.92,Sangallaya,Peru
147,Quo Lux,sapien cursus vestibulum proin eu,Ice Cream Bar - Oreo Cone,8.67,Nsok,Equatorial Guinea
148,Otcom,vestibulum sagittis sapien cum sociis natoque,Mushroom - Morel Frozen,5.10,Wotho,Marshall Islands
149,Holdlamis,turpis adipiscing lorem vitae mattis nibh ligula,Wine - Valpolicella Masi,5.88,Debesy,Russia
150,Asoka,sed lacus morbi sem mauris,Lumpfish Black,5.40,Armavir,Armenia
151,Tresom,eu mi nulla,Bread - Raisin,8.12,Hostivice,Czech Republic
152,Tres-Zap,lacus morbi sem mauris,"Bread - Dark Rye, Loaf",9.75,Nürnberg,Germany
153,Quo Lux,platea dictumst etiam faucibus cursus urna ut tellus nulla ut,Chips - Miss Vickies,3.24,Molinos,Argentina
154,Flexidy,integer aliquet massa id lobortis convallis,Vaccum Bag - 14x20,4.51,Tuanfeng,China
155,Span,vulputate ut ultrices vel augue vestibulum ante ipsum primis,Blue Curacao - Marie Brizard,0.82,Laúndos,Portugal
156,Toughjoyfax,in blandit ultrices enim lorem ipsum,Sprouts - Alfalfa,3.67,Toyonaka,Japan
157,Treeflex,maecenas tristique est,Sea Urchin,5.21,Vargön,Sweden
158,Bytecard,cras in purus,Sauce - Sesame Thai Dressing,7.35,Curibaya,Peru
159,Treeflex,leo odio condimentum,"Bread - Rolls, Rye",3.24,Södertälje,Sweden
160,Flowdesk,justo in hac habitasse platea dictumst etiam faucibus,Remy Red Berry Infusion,7.73,Mabusag,Philippines
161,Zaam-Dox,eget nunc donec,Cookies Oatmeal Raisin,2.44,Hasaki,Japan
162,Ronstring,hendrerit at vulputate vitae nisl aenean lectus pellentesque eget nunc,"Club Soda - Schweppes, 355 Ml",2.95,Sabanagrande,Honduras
163,Alphazap,at diam nam tristique tortor eu pede,Wine - Magnotta - Cab Franc,4.06,Verona,Italy
164,Span,venenatis turpis enim blandit mi in,Tart - Raisin And Pecan,2.10,Kochani,Macedonia
165,Duobam,ligula suspendisse ornare consequat lectus in,Apple - Royal Gala,6.58,Camp Flora,Philippines
166,Mat Lam Tam,auctor gravida sem praesent id massa,Bar Special K,7.65,Rustam jo Goth,Pakistan
167,Latlux,cubilia curae mauris viverra diam vitae quam suspendisse,Red Currants,9.65,Zakupne,Ukraine
168,Stringtough,rutrum nulla tellus in sagittis,"Pepper - Red, Finger Hot",3.10,Shapa,China
169,Prodder,quam sapien varius ut blandit non interdum in ante,Wine - Ej Gallo Sierra Valley,8.81,Kol’chugino,Russia
170,Domainer,adipiscing lorem vitae mattis nibh ligula,Figs,5.78,Beicheng,China
171,Konklux,semper est quam pharetra magna ac consequat,Sprite - 355 Ml,5.82,Naryn,Kyrgyzstan
172,Zaam-Dox,dui maecenas tristique,Pepper - Orange,8.47,Xiangshun,China
173,Keylex,aliquet massa id lobortis convallis tortor risus dapibus,Port - 74 Brights,9.99,Shangwuzhuang,China
174,Konklux,condimentum id luctus nec,"Tabasco Sauce, 2 Oz",4.68,Vostryakovo,Russia
175,Span,vehicula condimentum curabitur in libero ut,"Basil - Primerba, Paste",3.55,Ampara,Sri Lanka
176,Voltsillam,erat volutpat in congue etiam justo etiam pretium iaculis,Energy Drink Bawls,5.64,Angono,Philippines
177,Sonair,turpis a pede posuere nonummy integer non velit donec diam,"Crab - Claws, 26 - 30",9.75,Rongdoi,China
178,Trippledex,in eleifend quam a odio in hac,Vodka - Smirnoff,2.80,Jingkou,China
179,Daltfresh,amet consectetuer adipiscing,Wine - Chianti Classica Docg,0.83,Siva,Russia
180,Y-Solowarm,nulla suscipit ligula in lacus curabitur at,Ginger - Ground,7.23,Perzów,Poland
181,Alpha,nulla quisque arcu libero rutrum ac lobortis vel,Nectarines,3.52,Kvissleby,Sweden
182,Home Ing,enim in tempor turpis nec euismod scelerisque quam turpis adipiscing,Wine - Cabernet Sauvignon,7.39,Estaca,Philippines
183,Matsoft,quam sollicitudin vitae,Lidsoupcont Rp12dn,8.62,Sumbergayam,Indonesia
184,Greenlam,felis sed interdum venenatis turpis enim,Tea - Camomele,6.48,Boguchwała,Poland
185,Y-find,in porttitor pede justo eu massa,Pasta - Angel Hair,6.99,Bytkiv,Ukraine
186,Lotstring,vestibulum ante ipsum,"Cheese - Manchego, Spanish",5.20,Jinping,China
187,Stringtough,id massa id nisl venenatis lacinia aenean sit,Soup Campbells Turkey Veg.,6.09,Zhuxi Chengguanzhen,China
188,Cookley,nisi at nibh in hac habitasse,"Beef - Kindney, Whole",3.86,Chengxi,China
189,Tampflex,risus dapibus augue vel accumsan tellus nisi eu orci mauris,Soup Campbells,3.06,Tsaritsyno,Russia
190,Subin,at turpis donec,Spring Roll Veg Mini,1.04,Dachong,China
191,Fixflex,tempus vel pede morbi porttitor lorem id,Madeira,8.72,Acul du Nord,Haiti
192,Zathin,luctus et ultrices posuere cubilia curae nulla,Cleaner - Comet,2.89,Itapeva,Brazil
193,Treeflex,natoque penatibus et magnis dis,Wine - Malbec Trapiche Reserve,3.95,Shanxia,China
194,Konklux,luctus cum sociis natoque penatibus,Ecolab - Lime - A - Way 4/4 L,6.02,Puntaru,Indonesia
195,Stim,pellentesque ultrices phasellus id sapien in sapien iaculis congue,Soup Campbells Split Pea And Ham,1.24,Sim,Russia
196,Holdlamis,vestibulum velit id,Beef - Striploin,4.24,Fuan,Indonesia
197,Cardguard,volutpat quam pede lobortis ligula sit amet,Cocoa Feuilletine,1.78,Llauta,Peru
198,Viva,nisl aenean lectus,Spice - Paprika,1.83,Longwood,Ireland
199,Redhold,blandit ultrices enim lorem ipsum dolor sit amet consectetuer,Sambuca Cream,1.27,Armenokhórion,Greece
200,Sonair,luctus et ultrices posuere cubilia curae nulla dapibus dolor,Plate Foam Laminated 9in Blk,8.91,Zwolle,Netherlands
201,Cardguard,leo pellentesque ultrices mattis odio donec vitae nisi nam,Kolrabi,1.34,Chengnan,China
202,Tempsoft,rhoncus aliquam lacus morbi,Butter Ripple - Phillips,2.18,Banyo,Cameroon
203,Subin,purus eu magna vulputate luctus cum sociis natoque penatibus,"Nut - Pine Nuts, Whole",8.02,Ciénaga de Oro,Colombia
204,Voltsillam,sit amet erat nulla tempus vivamus in felis,Taro Root,3.25,Mizusawa,Japan
205,Toughjoyfax,fermentum donec ut mauris eget massa tempor,"Chicken - Breast, 5 - 7 Oz",6.63,Kebonkalapa,Indonesia
206,Tampflex,eros suspendisse accumsan,Bay Leaf Ground,8.52,Baitashan,China
207,Vagram,sit amet diam in magna,Oxtail - Cut,4.49,Vilar,Portugal
208,Namfix,eget eros elementum,Carbonated Water - Peach,0.18,Loyew,Belarus
209,Flexidy,vel sem sed sagittis nam congue,Table Cloth 54x54 Colour,8.89,Oyama,Japan
210,Rank,luctus ultricies eu nibh,Cookie - Oatmeal,0.25,Archis,Armenia
211,Regrant,a feugiat et eros vestibulum,"Garlic - Primerba, Paste",1.43,Kuala Lumpur,Malaysia
212,Kanlam,molestie nibh in lectus pellentesque,Bread - Wheat Baguette,1.66,Ngawen,Indonesia
213,Y-find,ultrices aliquet maecenas leo odio,"Shrimp, Dried, Small / Lb",4.61,Guilin,China
214,Bitchip,in blandit ultrices enim lorem,Oil - Macadamia,9.36,Bishan,China
215,Cookley,in libero ut massa volutpat convallis morbi,Blackberries,4.92,Vinsady,Russia
216,Bitwolf,sit amet consectetuer adipiscing elit proin risus,Rappini - Andy Boy,1.28,Kelburn,New Zealand
217,Span,duis consequat dui nec nisi,Nantucket Cranberry Juice,5.04,São Martinho do Campo,Portugal
218,Fintone,risus auctor sed tristique in tempus sit amet,Lettuce - Frisee,9.24,Kanthararom,Thailand
219,Cardify,commodo vulputate justo,Sauce - Cranberry,3.44,Athlone,Ireland
220,Lotlux,ultrices posuere cubilia curae donec,Chocolate Bar - Coffee Crisp,9.97,Damaishan,China
221,Vagram,in imperdiet et commodo vulputate justo in blandit ultrices,Danishes - Mini Raspberry,0.30,Jagüey Grande,Cuba
222,Transcof,ultrices enim lorem ipsum dolor,Coconut Milk - Unsweetened,6.63,Detroit,United States
223,Mat Lam Tam,orci luctus et,Onions - Spanish,0.61,Novoanninskiy,Russia
224,Ventosanzap,sapien cursus vestibulum,"Brandy - Orange, Mc Guiness",6.90,Bardo,Poland
225,Zamit,felis sed interdum venenatis turpis enim blandit,Energy Drink - Franks Original,4.27,San Rafael,Mexico
226,Fintone,eget eleifend luctus ultricies eu nibh quisque id justo,Island Oasis - Ice Cream Mix,1.23,Guamal,Colombia
227,Temp,non mauris morbi non lectus aliquam sit amet diam,Bols Melon Liqueur,4.73,Lakha Nëvre,Russia
228,Solarbreeze,mauris viverra diam vitae,Ham Black Forest,4.43,Karanyowka,Belarus
229,Sonair,at ipsum ac tellus semper interdum mauris,"Pasta - Cappellini, Dry",5.22,Ozëry,Russia
230,Home Ing,tempus sit amet sem fusce consequat nulla nisl,Wine - Sake,5.71,Mingshan,China
231,Lotstring,non velit nec nisi vulputate,Wine - Redchard Merritt,1.80,Frederiksberg,Denmark
232,Kanlam,nisi at nibh in hac habitasse platea,Chinese Foods - Chicken,6.92,Yujia,China
233,Matsoft,quam nec dui luctus rutrum nulla tellus in sagittis dui,Wine - Chablis 2003 Champs,6.83,Gubeikou,China
234,Fix San,id nisl venenatis lacinia,Chocolate - Feathers,7.77,Blansko,Czech Republic
235,Zamit,ipsum primis in faucibus orci luctus et ultrices posuere cubilia,Coffee Guatemala Dark,3.99,Neya,Russia
236,Treeflex,id nisl venenatis lacinia aenean sit amet justo,"Iced Tea - Lemon, 340ml",2.40,Jedung,Indonesia
237,Stringtough,volutpat erat quisque,Wine - Fontanafredda Barolo,9.35,Quilmaná,Peru
238,Fixflex,interdum in ante vestibulum ante ipsum primis in,"Sugar - Brown, Individual",8.04,Sagae,Japan
239,Veribet,aenean lectus pellentesque eget nunc,"Shrimp - Baby, Warm Water",9.41,Margasari,Indonesia
240,Bamity,nunc viverra dapibus nulla suscipit ligula,Icecream Cone - Areo Chocolate,2.43,Chowṉêy,Afghanistan
241,Rank,mauris eget massa tempor convallis nulla neque libero,"Ecolab - Orange Frc, Cleaner",3.41,Kabanga,Tanzania
242,Daltfresh,sed vel enim sit amet nunc viverra dapibus nulla suscipit,Salmon Atl.whole 8 - 10 Lb,4.81,Mirovka,Ukraine
243,Latlux,elit sodales scelerisque mauris,V8 Splash Strawberry Kiwi,9.20,Loučovice,Czech Republic
244,Subin,blandit mi in,"Nut - Chestnuts, Whole",3.68,Ninomiya,Japan
245,Lotlux,neque duis bibendum morbi non quam nec dui luctus,Cheese - Bakers Cream Cheese,1.38,Stockholm,Sweden
246,Biodex,a ipsum integer a nibh,Lamb - Loin Chops,1.31,Lökbatan,Azerbaijan
247,Voltsillam,aliquam augue quam sollicitudin,Lobster - Canned Premium,1.90,El Cacao,Dominican Republic
248,Y-Solowarm,est lacinia nisi venenatis tristique fusce,Pork - Liver,2.48,Chaeryŏng-ŭp,North Korea
249,Stim,nulla eget eros elementum pellentesque quisque porta volutpat erat,Toamtoes 6x7 Select,7.69,Ikar,Indonesia
250,Fix San,quis odio consequat varius integer ac,"Wine - White, Ej Gallo",6.21,Tebingtinggi,Indonesia
251,Hatity,eu est congue,"Pork - Bacon, Sliced",2.27,Talcahuano,Chile
252,Job,in porttitor pede justo eu massa donec,Dooleys Toffee,6.39,Hässleholm,Sweden
253,Zontrax,duis consequat dui nec nisi volutpat eleifend,"Ham - Smoked, Bone - In",3.19,Mallawī,Egypt
254,Gembucket,nulla facilisi cras non,Garlic - Peeled,2.48,Washington,United States
255,Kanlam,lectus in est risus auctor sed,Corn - On The Cob,2.74,Liquan Chengguanzhen,China
256,Matsoft,ut nunc vestibulum ante ipsum primis in,"Dill - Primerba, Paste",3.30,Alzamay,Russia
257,Home Ing,curae mauris viverra diam vitae quam suspendisse potenti,Potatoes - Peeled,1.80,Shuidun,China
258,Bytecard,praesent blandit lacinia erat vestibulum sed magna at,Wine - Hardys Bankside Shiraz,9.99,Sujiazhuang,China
259,Biodex,penatibus et magnis dis parturient montes nascetur,"Pepper - Chillies, Crushed",9.66,Nezlobnaya,Russia
260,Stronghold,venenatis tristique fusce,Glaze - Apricot,7.83,Stepnogorsk,Kazakhstan
261,Stim,tellus in sagittis dui,Basil - Pesto Sauce,4.14,Hamburg Harvestehude,Germany
262,Zoolab,velit donec diam neque,Lettuce - Arugula,3.25,Rio das Ostras,Brazil
263,Quo Lux,at lorem integer tincidunt ante vel ipsum,Rice Wine - Aji Mirin,0.33,Cabiao,Philippines
264,Alphazap,id ornare imperdiet sapien urna pretium nisl ut volutpat,Vanilla Beans,4.78,Gandrungmangu,Indonesia
265,Fintone,phasellus sit amet erat nulla tempus vivamus,External Supplier,6.80,Abakan,Russia
266,It,in faucibus orci luctus,Icecream Cone - Areo Chocolate,0.96,Cruz,Portugal
267,Regrant,in hac habitasse platea dictumst maecenas ut massa quis,Wine - Zinfandel California 2002,0.62,Grand Rapids,United States
268,Transcof,nunc purus phasellus in felis donec,"Bread - Roll, Calabrese",6.33,Yuxarı Aran,Azerbaijan
269,Asoka,est quam pharetra magna ac consequat metus sapien ut nunc,Butter Balls Salted,1.91,Olkusz,Poland
270,It,tincidunt eu felis fusce posuere felis,Energy Drink - Redbull 355ml,5.75,Kadugadung,Indonesia
271,Home Ing,eu mi nulla ac,Cookie Trail Mix,3.80,Capacho Nuevo,Venezuela
272,Domainer,turpis enim blandit mi,Chicken - Leg / Back Attach,5.92,Kotes,Indonesia
273,Fixflex,consequat in consequat ut nulla sed accumsan,Pectin,9.14,Anseong,South Korea
274,Keylex,iaculis diam erat,"Pasta - Fettuccine, Egg, Fresh",2.51,Dongfu,China
275,Asoka,adipiscing elit proin interdum mauris non,Curry Paste - Green Masala,7.04,Los Mangos,Mexico
276,Tin,ligula in lacus curabitur at ipsum ac tellus semper interdum,Pate Pans Yellow,0.77,Psevdás,Cyprus
277,Zaam-Dox,ut nunc vestibulum,Beef - Bresaola,3.41,West Hartford,United States
278,Fintone,eget semper rutrum nulla nunc,Petite Baguette,1.74,Ya’erya,China
279,Sonair,sit amet diam in magna bibendum,Cake - Pancake,1.01,Ngreco,Indonesia
280,Vagram,integer non velit donec,Tea Peppermint,2.18,Pontang Tengah,Indonesia
281,Gembucket,quam turpis adipiscing lorem vitae mattis nibh,Lamb - Ground,1.58,Sagud-Bahley,Philippines
282,Keylex,mattis odio donec vitae nisi nam ultrices libero non,Cheese - La Sauvagine,7.21,Pruzhany,Belarus
283,Fixflex,felis eu sapien cursus vestibulum proin eu mi,Wine - Balbach Riverside,6.49,Bergen,Norway
284,Y-Solowarm,purus phasellus in felis donec semper sapien a libero nam,Cheese - Asiago,0.10,Bojonggaling,Indonesia
285,Tresom,fermentum donec ut mauris eget massa tempor convallis nulla neque,Shiratamako - Rice Flour,8.32,El Calvario,Mexico
286,Tin,justo in blandit ultrices enim lorem ipsum dolor sit,Tarts Assorted,8.91,Itapemirim,Brazil
287,Fix San,vestibulum sagittis sapien cum sociis natoque penatibus et magnis,Soup Campbells Turkey Veg.,5.04,Bagombong,Philippines
288,Lotlux,luctus ultricies eu nibh quisque id justo,Yoplait - Strawbrasp Peac,5.92,Quzhou,China
289,Konklux,natoque penatibus et magnis dis,Wine - Manischewitz Concord,4.46,Conqueiros,Portugal
290,Temp,vulputate nonummy maecenas tincidunt lacus,Lettuce - Lolla Rosa,6.12,White City,Canada
291,Bitwolf,quam suspendisse potenti nullam,Silicone Paper 16.5x24,2.67,Santa Ana,Philippines
292,Y-find,nulla justo aliquam quis turpis eget,Cheese - Camembert,0.81,Ždánice,Czech Republic
293,Sub-Ex,tempus sit amet sem fusce consequat nulla nisl,Basil - Pesto Sauce,4.79,Peruc,Czech Republic
294,Ronstring,pretium nisl ut volutpat sapien arcu sed augue aliquam,Fudge - Cream Fudge,3.95,Chowṉêy,Afghanistan
295,Y-Solowarm,erat quisque erat eros viverra eget congue eget semper rutrum,Oysters - Smoked,1.84,Tajan,Indonesia
296,Cardify,nunc vestibulum ante ipsum primis in,"Syrup - Monin, Swiss Choclate",0.75,Katipunan,Philippines
297,Zontrax,tortor sollicitudin mi sit amet,Jello - Assorted,8.32,Urambo,Tanzania
298,Holdlamis,enim lorem ipsum dolor sit amet consectetuer adipiscing,Cheese - Swiss,3.06,Cengjia,China
299,Domainer,amet erat nulla tempus vivamus in,Juice - Orangina,2.45,Puerto Galera,Philippines
300,Pannier,elementum pellentesque quisque porta volutpat erat quisque,Contreau,6.82,La Concordia,Nicaragua
301,Biodex,duis mattis egestas metus aenean fermentum donec,Celery Root,3.34,Nankou,China
302,Subin,proin eu mi nulla,"Tomatoes - Cherry, Yellow",3.52,Korolev,Russia
303,Rank,odio elementum eu interdum,"Nut - Pecan, Pieces",8.81,Dobre,Poland
304,Aerified,in est risus auctor sed tristique in tempus sit,Salt - Table,4.91,Beaumont,Ireland
305,Andalax,potenti in eleifend quam a odio,Dragon Fruit,2.50,Hongjiang,China
306,Tres-Zap,nulla pede ullamcorper,Carbonated Water - Blackberry,6.29,Heilangkou,China
307,Lotlux,odio consequat varius,Puree - Guava,8.36,Badaogu,China
308,Cardguard,nulla sed vel,Icecream - Dstk Cml And Fdg,6.84,Aghada,Ireland
309,Solarbreeze,consequat ut nulla sed accumsan felis,Syrup - Monin - Passion Fruit,8.54,Bata Tengah,Indonesia
310,Prodder,eu mi nulla ac enim in tempor turpis,Veal Inside - Provimi,7.61,Nagasaki-shi,Japan
311,Flowdesk,fringilla rhoncus mauris,Sausage - Andouille,8.60,São Miguel,Portugal
312,Matsoft,sodales scelerisque mauris sit amet eros suspendisse,"Pepsi - Diet, 355 Ml",0.99,Zubrzyca Dolna,Poland
313,It,sodales scelerisque mauris sit amet eros,"Artichoke - Bottom, Canned",6.88,Chuanbu,China
314,Temp,sed vel enim sit amet nunc viverra dapibus nulla suscipit,Table Cloth 53x53 White,8.48,Katovice,Czech Republic
315,Bigtax,at ipsum ac tellus semper interdum mauris ullamcorper purus,Corn Shoots,4.52,Qaffīn,Palestinian Territory
316,Vagram,magna bibendum imperdiet nullam orci pede venenatis non,Wine - Vidal Icewine Magnotta,2.08,Lipnica,Poland
317,Regrant,pulvinar nulla pede ullamcorper augue a suscipit nulla,Beef - Tender Tips,4.02,Oslo,Norway
318,Mat Lam Tam,quis augue luctus tincidunt nulla mollis molestie lorem,"Arctic Char - Fresh, Whole",3.95,Nagrumbuan,Philippines
319,Fix San,orci pede venenatis non sodales sed tincidunt eu felis fusce,"Pork - Bacon,back Peameal",9.35,Psary,Poland
320,Opela,proin risus praesent lectus vestibulum quam sapien varius ut blandit,Bread - Olive,4.93,Serra,Portugal
321,Toughjoyfax,ut erat curabitur gravida nisi at,"Wine - White, Gewurtzraminer",0.16,Ipatinga,Brazil
322,Trippledex,mauris viverra diam vitae quam suspendisse potenti,Wine - Shiraz Wolf Blass Premium,9.67,Shuangxi,China
323,Cardguard,nunc vestibulum ante ipsum primis,Onions - Green,1.35,El Zapote,Mexico
324,Greenlam,nunc vestibulum ante ipsum primis in,Long Island Ice Tea,3.76,Dan Sadau,Nigeria
325,Voltsillam,aliquet maecenas leo odio,Bandage - Finger Cots,2.55,Curuan,Philippines
326,Temp,phasellus id sapien in sapien iaculis congue vivamus metus,"Wine - Red, Gamay Noir",1.40,Boston,Philippines
327,Cardguard,rhoncus dui vel,Water - Green Tea Refresher,1.48,Blessington,Ireland
328,Cookley,ut nulla sed accumsan felis,Bamboo Shoots - Sliced,2.88,Novosin’kovo,Russia
329,Home Ing,vestibulum ante ipsum primis,Beans - Soya Bean,4.09,Minglanilla,Philippines
330,Bamity,sapien a libero nam dui proin,Creamers - 10%,9.20,Flor da Rosa,Portugal
331,Veribet,cras mi pede malesuada in imperdiet et,Cake - Box Window 10x10x2.5,6.20,Independence,United States
332,Pannier,aliquam lacus morbi,Table Cloth 62x120 White,9.20,Mizhirah,Saudi Arabia
333,Konklab,quam sollicitudin vitae consectetuer eget,Artichoke - Fresh,4.75,Miao’ergou,China
334,Viva,vulputate ut ultrices vel augue vestibulum ante ipsum primis in,Longos - Chicken Cordon Bleu,3.17,Boucinha,Portugal
335,Bamity,amet cursus id turpis integer aliquet massa,Compound - Pear,3.28,Xiangshui,China
336,Sub-Ex,justo aliquam quis,Sole - Iqf,9.41,Neuilly-sur-Seine,France
337,Stronghold,faucibus orci luctus et ultrices posuere cubilia curae nulla dapibus,"Asparagus - White, Canned",7.89,Shāhpur Chākar,Pakistan
338,Bamity,faucibus cursus urna ut tellus nulla ut erat id mauris,"Wine - White, Mosel Gold",1.76,Kinlough,Ireland
339,Cardify,id mauris vulputate elementum nullam varius nulla facilisi,Sprite - 355 Ml,8.50,E’zhou,China
340,Kanlam,sit amet diam in magna bibendum,Chinese Foods - Thick Noodles,4.52,Dongdong,China
341,Zamit,lectus aliquam sit amet diam in magna bibendum,Juice - Lime,9.47,Groningen,Netherlands
342,Redhold,quam turpis adipiscing lorem vitae mattis nibh ligula,Ostrich - Prime Cut,5.23,Baiba,China
343,Tampflex,eu tincidunt in leo maecenas pulvinar lobortis est phasellus sit,"Star Anise, Whole",1.51,Montgomery,United States
344,Konklux,volutpat quam pede lobortis ligula sit amet eleifend pede libero,Pastry - Plain Baked Croissant,4.22,Quimper,France
345,Regrant,duis mattis egestas metus aenean fermentum donec ut,Beer - Moosehead,9.73,Perreng,Indonesia
346,Tres-Zap,quis turpis sed ante vivamus tortor duis mattis egestas,Zucchini - Yellow,3.44,Huangtudian,China
347,Asoka,congue etiam justo etiam pretium iaculis justo in hac,Water - Green Tea Refresher,6.22,Piquete,Brazil
348,It,imperdiet nullam orci pede venenatis non sodales sed tincidunt,Juice - V8 Splash,6.05,Dagang,China
349,Flexidy,integer tincidunt ante vel ipsum praesent blandit lacinia,Sobe - Cranberry Grapefruit,2.63,Bisert’,Russia
350,Lotstring,velit id pretium iaculis diam erat fermentum justo nec condimentum,Towel Multifold,1.17,Gif-sur-Yvette,France
351,Kanlam,blandit lacinia erat vestibulum sed magna at nunc commodo,Triple Sec - Mcguinness,0.56,Mosteirô,Portugal
352,Span,lobortis est phasellus sit amet erat nulla tempus vivamus in,Chocolate Bar - Reese Pieces,0.19,Deán Funes,Argentina
353,Andalax,risus auctor sed tristique in tempus sit,Cups 10oz Trans,4.61,Jiangkouxu,China
354,Cardguard,nisi venenatis tristique fusce congue,"Soup - Campbells, Chix Gumbo",9.62,Luže,Czech Republic
355,Regrant,adipiscing lorem vitae mattis nibh ligula nec sem,Chicken - Leg / Back Attach,5.21,Yuyue,China
356,Tres-Zap,dolor quis odio consequat varius integer,Red Pepper Paste,7.64,Kundung,Indonesia
357,Vagram,odio curabitur convallis duis consequat,"Beef - Rib Roast, Cap On",0.56,Kępice,Poland
358,Stringtough,molestie nibh in,"Ice - Clear, 300 Lb For Carving",0.57,Toledo,Philippines
359,Y-find,varius integer ac leo pellentesque ultrices,Plate Pie Foil,9.59,Varakļāni,Latvia
360,Greenlam,ultrices vel augue vestibulum,Bacardi Raspberry,5.82,Qincheng,China
361,Keylex,sed interdum venenatis turpis enim blandit mi in porttitor pede,Broccoli - Fresh,5.85,Inkerman,Ukraine
362,Latlux,vestibulum aliquet ultrices erat tortor sollicitudin mi sit amet,Tumeric,5.51,Changuillo,Peru
363,Home Ing,molestie nibh in lectus pellentesque at nulla suspendisse,Tart - Lemon,6.19,Brniště,Czech Republic
364,Lotstring,magna ac consequat metus sapien ut nunc vestibulum,Icecream - Dstk Super Cone,9.34,Aranas Sur,Philippines
365,Keylex,faucibus orci luctus et ultrices,Bread Base - Italian,1.66,Yulin,China
366,Domainer,nam dui proin,Glaze - Apricot,2.30,Hollola,Finland
367,Quo Lux,pede ullamcorper augue a,"Flour - Corn, Fine",6.58,Pervomayskoye,Russia
368,Latlux,id pretium iaculis diam erat fermentum justo nec condimentum,Jam - Raspberry,6.16,Montecillo,Philippines
369,Tin,vulputate elementum nullam varius nulla,Drambuie,8.17,Changxing,China
370,Cardify,accumsan odio curabitur convallis duis,Coffee Cup 16oz Foam,7.53,Katabu,Indonesia
371,Otcom,donec posuere metus vitae ipsum aliquam non,Turkey Tenderloin Frozen,3.53,Pulaukijang,Indonesia
372,Trippledex,pellentesque eget nunc donec quis orci eget orci vehicula condimentum,"Octopus - Baby, Cleaned",9.81,Su’ao,China
373,Temp,vivamus vel nulla eget eros elementum pellentesque quisque porta volutpat,Nestea - Iced Tea,2.36,Karanganyarkrajan,Indonesia
374,Zaam-Dox,orci luctus et ultrices posuere cubilia curae mauris viverra,Maintenance Removal Charge,9.06,Santa Bárbara,Venezuela
375,Andalax,dis parturient montes nascetur ridiculus,Pepper - Green Thai,4.17,Hakodate,Japan
376,Veribet,aliquam lacus morbi quis tortor id nulla ultrices,Foil Wrap,8.81,Juazeiro do Norte,Brazil
377,Regrant,et ultrices posuere cubilia curae mauris viverra,Tofu - Soft,1.31,Beirut,Lebanon
378,Sonsing,neque sapien placerat ante nulla justo,Flour - Strong Pizza,1.83,Bolembre,Portugal
379,Flexidy,posuere felis sed lacus morbi,Grapes - Red,1.38,Loen,Marshall Islands
380,Kanlam,nulla tellus in sagittis dui vel nisl duis,Cookies Cereal Nut,8.95,San José de Colinas,Honduras
381,Latlux,varius integer ac,Wine - Guy Sage Touraine,4.70,Jarabacoa,Dominican Republic
382,Zontrax,nullam porttitor lacus at turpis,Veal Inside - Provimi,7.29,Burnside,United Kingdom
383,Tresom,congue risus semper porta volutpat quam pede,"Veal - Brisket, Provimi,bnls",6.65,Sūrīān,Iran
384,Fix San,pede ullamcorper augue a suscipit nulla elit ac,Ecolab - Hobart Upr Prewash Arm,0.48,Hässleholm,Sweden
385,Ronstring,eros viverra eget congue eget semper rutrum nulla,"Stock - Beef, Brown",8.71,Uchiza,Peru
386,Keylex,ligula vehicula consequat morbi a ipsum integer a nibh in,Juice - Cranberry 284ml,7.87,Oetuke,Indonesia
387,Alphazap,fermentum donec ut,French Kiss Vanilla,6.31,Poste de Flacq,Mauritius
388,Stim,libero nam dui proin leo,Pork - Ground,6.49,Los Angeles,United States
389,Tresom,sit amet eros suspendisse accumsan tortor quis,Pepper - Yellow Bell,4.38,Boulogne-sur-Mer,France
390,Solarbreeze,ultricies eu nibh quisque id justo sit,"Dill - Primerba, Paste",7.38,Pagnag,China
391,Span,augue a suscipit,"Lamb - Leg, Bone In",4.70,Bagadó,Colombia
392,Bamity,diam vitae quam suspendisse potenti nullam porttitor lacus,Kohlrabi,4.62,Shenkou,China
393,Pannier,vestibulum ante ipsum primis in,"Yogurt - Blueberry, 175 Gr",6.71,Jinhe,China
394,Y-Solowarm,id nisl venenatis lacinia aenean sit,Cabbage Roll,8.91,Miastków Kościelny,Poland
395,Andalax,pede lobortis ligula sit amet,Chickhen - Chicken Phyllo,9.22,Novoselë,Albania
396,Veribet,tincidunt nulla mollis molestie lorem quisque ut erat,Melon - Honey Dew,1.59,Kostrzyn nad Odrą,Poland
397,Duobam,amet consectetuer adipiscing elit proin risus praesent lectus,Pepper - Pablano,9.14,Bilje,Slovenia
398,Bitwolf,mi pede malesuada in imperdiet et commodo vulputate justo,Cake Slab,2.04,Khawrah,Yemen
399,Transcof,diam erat fermentum justo nec condimentum neque sapien placerat,Pork - Shoulder,5.88,Francisco I Madero,Mexico
400,Flexidy,felis fusce posuere felis sed,Container - Clear 16 Oz,7.17,Cárdenas,Cuba
401,Flowdesk,proin interdum mauris,Creme De Menth - White,3.28,Aras-asan,Philippines
402,Solarbreeze,vestibulum ante ipsum primis in,Bread Sour Rolls,4.97,Chaguaramas,Venezuela
403,Treeflex,lacus morbi quis tortor id,Sausage - Chorizo,9.24,Taguisa,Philippines
404,Hatity,pellentesque quisque porta,"Wine - Red, Wolf Blass, Yellow",7.85,Janakpur,Nepal
405,Sonsing,et ultrices posuere cubilia curae duis faucibus accumsan odio,Cape Capensis - Fillet,9.62,Dalgān,Iran
406,Pannier,proin eu mi nulla ac enim,Sobe - Liz Blizz,8.03,Ngujung,Indonesia
407,Cardify,dolor vel est donec odio justo sollicitudin ut suscipit,"Mushroom - Morels, Dry",0.84,Diofior,Senegal
408,Regrant,a suscipit nulla elit ac nulla sed vel enim sit,Allspice - Jamaican,6.45,Velille,Peru
409,Voyatouch,eget orci vehicula condimentum curabitur in,Calvados - Boulard,8.17,Mirpur Khas,Pakistan
410,Y-Solowarm,vestibulum ac est lacinia nisi venenatis,"Yeast - Fresh, Fleischman",8.62,Wonokerto,Indonesia
411,Aerified,id luctus nec molestie sed justo,Truffle Shells - White Chocolate,2.84,Mahe,China
412,Prodder,in consequat ut nulla sed accumsan,"Tomatoes - Vine Ripe, Yellow",7.88,Malysheva,Russia
413,Flexidy,rhoncus sed vestibulum sit amet cursus,Egg Patty Fried,7.16,Hawassa,Ethiopia
414,Fintone,convallis duis consequat dui,Lamb Rack - Ontario,6.87,Longquan,China
415,Voltsillam,sit amet nulla quisque arcu libero,Wine - Bouchard La Vignee Pinot,6.81,Alejo Ledesma,Argentina
416,Aerified,libero nullam sit amet,Wine - Black Tower Qr,4.00,Shencun,China
417,Lotlux,faucibus orci luctus et ultrices posuere cubilia curae donec,General Purpose Trigger,4.83,Nanchoc,Peru
418,Stim,sapien urna pretium nisl ut volutpat sapien arcu sed,"Wine - White, Mosel Gold",5.76,New York City,United States
419,Stronghold,nisl nunc nisl,Coffee - Espresso,7.52,Santa Nino,Philippines
420,Solarbreeze,in lacus curabitur at ipsum ac tellus,Muffin Batt - Blueberry Passion,9.25,Konstantynów Łódzki,Poland
421,Job,in eleifend quam a odio in hac habitasse platea dictumst,Orange Roughy 4/6 Oz,3.50,Pasar,Indonesia
422,Fixflex,quis justo maecenas rhoncus aliquam,Bread Sour Rolls,8.15,Candelaria,Philippines
423,Duobam,lectus in est risus auctor sed,Muffin - Bran Ind Wrpd,2.31,La Joya,Mexico
424,Span,faucibus orci luctus,Water - Evian 355 Ml,5.24,‘Uqayribāt,Syria
425,Konklux,lectus suspendisse potenti in eleifend,Cake - Lemon Chiffon,5.82,Gennevilliers,France
426,Hatity,placerat ante nulla justo,"Apple - Delicious, Red",6.58,Shimen,China
427,Cardify,mollis molestie lorem quisque ut erat curabitur,Rhubarb,5.52,Elbasan,Albania
428,Zoolab,justo sit amet sapien dignissim,Table Cloth 54x72 White,3.59,Kiyevskoye,Russia
429,Namfix,morbi a ipsum integer,French Kiss Vanilla,9.74,Melíssia,Greece
430,Zontrax,adipiscing molestie hendrerit at vulputate vitae nisl aenean lectus pellentesque,"Wine - White, Ej",1.67,Cangkeuteuk Sabrang,Indonesia
431,Bitchip,volutpat sapien arcu sed augue aliquam erat volutpat,Muffin Mix - Morning Glory,1.65,Извор,Macedonia
432,Cookley,pede malesuada in imperdiet et commodo,Rice - Long Grain,1.04,Saribudolok,Indonesia
433,Cardguard,non velit donec diam neque,"Wine - Red, Pelee Island Merlot",5.46,Rochester,United States
434,Gembucket,porttitor lacus at turpis donec posuere metus vitae ipsum aliquam,Higashimaru Usukuchi Soy,9.88,Lyalichi,Russia
435,Opela,quis libero nullam,Squeeze Bottle,8.82,Coari,Brazil
436,Zoolab,donec pharetra magna,Shiro Miso,1.04,Huangfang,China
437,Daltfresh,purus eu magna vulputate luctus cum sociis natoque penatibus,Broom - Corn,0.49,Yeniugou,China
438,Flexidy,duis aliquam convallis nunc proin at,Nectarines,9.05,Katsina,Nigeria
439,Home Ing,aliquam erat volutpat in,"Pasta - Canelloni, Single Serve",4.22,Bang Yai,Thailand
440,Viva,id nulla ultrices aliquet maecenas,Truffle Paste,3.99,Daqingshan,China
441,Fintone,habitasse platea dictumst etiam faucibus,"Vermacelli - Sprinkles, Assorted",5.19,Lipu,China
442,Stim,habitasse platea dictumst morbi vestibulum velit,Bread - Ciabatta Buns,4.15,Keles Timur,Indonesia
443,Sub-Ex,quam nec dui luctus rutrum nulla tellus,"Beans - Black Bean, Dry",1.63,Taranovskoye,Kazakhstan
444,Zoolab,lorem ipsum dolor sit amet,Ecolab - Ster Bac,2.20,Pondaguitan,Philippines
445,Treeflex,donec vitae nisi nam ultrices,Dasheen,9.12,Mabu,China
446,Voyatouch,sed accumsan felis ut at dolor quis,Apricots - Halves,2.45,Cravo Norte,Colombia
447,Quo Lux,est et tempus semper est,Pork - Ham Hocks - Smoked,0.94,Nicoya,Costa Rica
448,Sub-Ex,fermentum donec ut mauris eget massa tempor convallis nulla,Puff Pastry - Slab,5.86,Pokrovka,Kyrgyzstan
449,Konklux,nunc purus phasellus in felis,Mushroom - Chanterelle Frozen,2.90,Potosí,Bolivia
450,Asoka,turpis sed ante vivamus tortor,Corn Kernels - Frozen,1.62,El Cerrito,Colombia
451,Zamit,enim blandit mi in porttitor,"Chocolate - Semi Sweet, Calets",0.10,Maebaru,Japan
452,Stronghold,lectus in est risus auctor,Seedlings - Clamshell,8.07,Itoman,Japan
453,Aerified,vel dapibus at diam nam,Cheese - Taleggio D.o.p.,4.89,Invercargill,New Zealand
454,Konklux,in est risus auctor,Wine - Baron De Rothschild,8.13,Město Libavá,Czech Republic
455,Opela,in hac habitasse platea dictumst,Chocolate - Milk,9.60,Bologna,Italy
456,Tampflex,diam erat fermentum justo nec condimentum neque sapien placerat ante,"Cheese - Cheddar, Mild",0.70,Zamoskvorech’ye,Russia
457,Stronghold,id nulla ultrices aliquet maecenas leo odio condimentum id,"Soup - Campbells, Classic Chix",9.04,Quinjalca,Peru
458,Y-Solowarm,gravida sem praesent id massa,Island Oasis - Pina Colada,7.25,Cibetung Dua,Indonesia
459,Domainer,turpis elementum ligula vehicula consequat morbi,Sauce - Soy Low Sodium - 3.87l,2.80,Barkly East,South Africa
460,Treeflex,a feugiat et eros vestibulum ac est lacinia,"Beef - Ox Tail, Frozen",6.80,Dama,China
461,Tempsoft,in eleifend quam a odio in hac,Caviar - Salmon,6.57,Maués,Brazil
462,Sub-Ex,nisl venenatis lacinia aenean sit,Neckerchief Blck,7.51,Djibouti,Djibouti
463,Stronghold,lorem ipsum dolor sit amet consectetuer adipiscing,Eggs - Extra Large,0.61,Tiandiba,China
464,Pannier,pellentesque volutpat dui maecenas,Ecolab - Power Fusion,1.83,Noginsk,Russia
465,Bamity,sapien varius ut blandit,Pastry - Trippleberry Muffin - Mini,4.89,Rancabugel,Indonesia
466,Kanlam,sagittis nam congue risus semper porta volutpat quam pede lobortis,"Yogurt - Raspberry, 175 Gr",3.01,Vicuña,Chile
467,Lotstring,fermentum justo nec condimentum neque sapien,Persimmons,3.42,Magumeri,Nigeria
468,Ronstring,ac tellus semper interdum mauris,Cinnamon Rolls,4.06,Paôy Pêt,Cambodia
469,Matsoft,lectus pellentesque eget nunc donec quis,Cake - Miini Cheesecake Cherry,6.48,Oxapampa,Peru
470,Trippledex,pellentesque ultrices mattis odio donec vitae nisi,Wine - Cave Springs Dry Riesling,5.43,Jomboy,Uzbekistan
471,Daltfresh,metus vitae ipsum aliquam non mauris morbi non lectus aliquam,Beef - Short Ribs,6.52,Guyam Malaki,Philippines
472,Opela,quis turpis eget elit sodales scelerisque mauris sit amet,Beef Flat Iron Steak,10.00,Panjing,China
473,Zontrax,in leo maecenas pulvinar,Salmon Steak - Cohoe 8 Oz,9.78,Zhongcheng,China
474,Quo Lux,natoque penatibus et magnis,Foil Wrap,0.75,Tovarnik,Croatia
475,Y-find,proin at turpis a pede posuere nonummy integer non,Bar Bran Honey Nut,0.02,Obertyn,Ukraine
476,Daltfresh,semper sapien a libero nam dui proin leo odio porttitor,"Cheese - Havarti, Salsa",0.39,Beddeng,Philippines
477,Sonair,ante nulla justo aliquam,Jagermeister,7.98,Marxog,China
478,Zaam-Dox,sodales sed tincidunt eu felis,Soup - Campbells - Tomato,4.36,Albuquerque,United States
479,Zoolab,suspendisse potenti cras in purus eu magna vulputate,Vinegar - Red Wine,2.32,Mogilany,Poland
480,Flowdesk,tortor id nulla ultrices aliquet,Blueberries - Frozen,4.67,Zhonghe,China
481,Biodex,metus arcu adipiscing molestie hendrerit at,Lemon Balm - Fresh,0.16,Yŏng-dong,South Korea
482,Redhold,nam nulla integer pede,Hummus - Spread,9.81,Chmielno,Poland
483,Alphazap,vestibulum sagittis sapien,Cheese - Stilton,9.43,Dalianwan,China
484,Bytecard,ante ipsum primis in faucibus orci luctus et ultrices posuere,Pepper - Sorrano,9.93,Antwerpen,Belgium
485,Span,consequat lectus in est risus auctor sed tristique in,Napkin White,5.80,Ust’-Isha,Russia
486,Asoka,donec quis orci,Wine - Saint Emilion Calvet,9.29,Sísion,Greece
487,Bitchip,vivamus vestibulum sagittis sapien cum sociis natoque penatibus et magnis,Scotch - Queen Anne,4.51,Krasnapollye,Belarus
488,Sub-Ex,consequat ut nulla sed accumsan,"Soup - Clam Chowder, Dry Mix",8.95,Palermo,Italy
489,Matsoft,cras pellentesque volutpat dui maecenas tristique est et tempus semper,Triple Sec - Mcguinness,0.66,Tangba,China
490,Bigtax,turpis enim blandit mi in,Lobster - Cooked,3.32,San Pablo,Peru
491,Bamity,suspendisse potenti in eleifend quam a odio in,Beef - Short Ribs,2.59,Ongi,Mongolia
492,Quo Lux,amet nunc viverra,Cheese - Victor Et Berthold,8.87,Avignon,France
493,Cookley,id ornare imperdiet sapien urna pretium nisl ut volutpat sapien,Gatorade - Lemon Lime,8.91,Lianran,China
494,Voltsillam,tempus vivamus in,Wine - Barbera Alba Doc 2001,0.45,Dabaozi,China
495,Daltfresh,rhoncus aliquam lacus morbi,"Chicken - Leg, Fresh",5.72,Vetrino,Bulgaria
496,Aerified,ligula in lacus curabitur at ipsum ac tellus semper interdum,Bread - Petit Baguette,6.44,Sriwing,Indonesia
497,Sonair,erat quisque erat eros viverra,Wine - Guy Sage Touraine,8.76,Shīeli,Kazakhstan
498,Cardguard,in lacus curabitur at ipsum ac tellus,Mcguinness - Blue Curacao,0.47,Guanqiao,China
499,Bitchip,vestibulum ante ipsum primis in faucibus orci luctus et ultrices,Zucchini - Green,3.60,Villefranche-sur-Mer,France
500,Fix San,id lobortis convallis,Soup - Campbells,5.34,Tulle,France
501,It,nulla suscipit ligula in lacus curabitur,Foie Gras,0.66,San Jose,Philippines
502,Prodder,lobortis vel dapibus at diam,Table Cloth - 53x69 Colour,5.73,Vale Covo,Portugal
503,Zamit,est quam pharetra,Steampan Lid,3.29,Washington,United States
504,Subin,nullam porttitor lacus at turpis donec posuere,Pastry - Key Limepoppy Seed Tea,2.02,Mueang Nonthaburi,Thailand
505,Opela,urna ut tellus nulla ut erat,Godiva White Chocolate,7.01,Shkodër,Albania
506,Bitwolf,enim leo rhoncus sed,Longos - Greek Salad,0.98,Duowa,China
507,Cookley,aliquet pulvinar sed nisl nunc rhoncus dui,Lidsoupcont Rp12dn,4.11,Kuala Lumpur,Malaysia
508,Kanlam,dis parturient montes nascetur ridiculus,"Nut - Pistachio, Shelled",0.07,Fujieda,Japan
509,Subin,aliquam convallis nunc,Cocoa Powder - Dutched,9.14,Ulricehamn,Sweden
510,Alphazap,proin at turpis a pede posuere,Melon - Watermelon Yellow,2.56,Manacsac,Philippines
511,Cookley,ornare imperdiet sapien urna pretium,Wine - Chateau Timberlay,2.78,Nkpor,Nigeria
512,Konklab,at ipsum ac,"Olives - Black, Pitted",7.50,Besançon,France
513,Matsoft,vulputate luctus cum,Cocoa Powder - Dutched,9.94,Shataping,China
514,Voyatouch,tellus in sagittis dui vel nisl duis ac nibh,Cloves - Whole,6.57,Guazapa,El Salvador
515,Home Ing,maecenas tincidunt lacus at,"Pork - Bacon, Sliced",7.72,Shaxi,China
516,Tresom,id justo sit amet sapien dignissim vestibulum vestibulum ante,Appetizer - Southwestern,9.12,Shah Alam,Malaysia
517,Fix San,sapien iaculis congue vivamus metus,Pepper - Pablano,0.88,Biharamulo,Tanzania
518,Cardguard,erat quisque erat eros viverra eget congue,Chinese Foods - Chicken,5.58,Jiangkou,China
519,Biodex,arcu sed augue aliquam erat volutpat in congue etiam,Rambutan,7.63,Tuofeng,China
520,Temp,hac habitasse platea dictumst aliquam,"Pork - Tenderloin, Fresh",9.18,Manalu,Indonesia
521,Viva,pede justo lacinia eget tincidunt eget tempus vel pede,Beer - Rickards Red,9.97,Amio,Philippines
522,Fintone,venenatis non sodales sed tincidunt eu felis fusce,Wine - Chateau Bonnet,7.27,Nuing,Philippines
523,Andalax,interdum eu tincidunt,Bread - Triangle White,5.84,Ueno,Japan
524,Alpha,pede justo lacinia,Cake - Mini Cheesecake,1.47,Kaniów,Poland
525,Daltfresh,viverra dapibus nulla suscipit ligula in lacus curabitur at ipsum,Cheese - Mozzarella,4.70,Orléans,France
526,Tresom,donec dapibus duis at,Star Fruit,9.92,Muñoz East,Philippines
527,Y-Solowarm,lorem integer tincidunt ante vel ipsum praesent blandit lacinia,Milk 2% 500 Ml,1.42,Wenquan,China
528,It,faucibus orci luctus,Ecolab Silver Fusion,0.10,Évreux,France
529,Solarbreeze,aliquam sit amet,Momiji Oroshi Chili Sauce,9.50,Alak,Indonesia
530,Konklux,vivamus in felis eu sapien cursus,Flour - Semolina,9.99,Phù Cát,Vietnam
531,Pannier,purus eu magna,Nestea - Iced Tea,5.04,Tiadiaye,Senegal
532,Asoka,ac nulla sed vel enim sit amet nunc viverra,Beef - Shank,6.06,Zhifang,China
533,Alpha,mi integer ac neque,Milk - Buttermilk,9.76,Comallo,Argentina
534,Transcof,aliquam lacus morbi quis tortor id nulla ultrices aliquet maecenas,Oneshot Automatic Soap System,6.90,Sampaloc,Philippines
535,Gembucket,diam cras pellentesque volutpat,Pepper - Scotch Bonnet,4.16,Xushangqiao,China
536,Lotlux,pellentesque ultrices phasellus id sapien in,"Turkey - Breast, Bone - In",2.38,Shifo,China
537,Wrapsafe,metus arcu adipiscing molestie hendrerit at vulputate vitae,"Vermacelli - Sprinkles, Assorted",2.19,Ku‘aydinah,Yemen
538,Cardguard,in faucibus orci luctus,Wine - Toasted Head,2.38,Santander,Spain
539,Bigtax,eget vulputate ut ultrices vel augue,Lotus Rootlets - Canned,0.32,Santo Antônio de Jesus,Brazil
540,Toughjoyfax,in tempus sit amet sem,"Bag - Bread, White, Plain",0.57,Chifeng,China
541,Flexidy,habitasse platea dictumst,Cheese - Cream Cheese,6.50,Wiyayu Barat,Indonesia
542,Span,morbi non quam nec dui,Mushroom - Portebello,8.07,Urho,China
543,Rank,erat nulla tempus vivamus in felis eu sapien,Zucchini - Yellow,4.60,Donskoy,Russia
544,Greenlam,vel pede morbi,Lid - 16 Oz And 32 Oz,1.29,Złotniki Kujawskie,Poland
545,Tampflex,nec molestie sed justo pellentesque viverra pede,Pastry - Apple Large,3.03,Truskavets,Ukraine
546,Transcof,maecenas tincidunt lacus,"Pork - Butt, Boneless",5.32,Dawu,China
547,Opela,fermentum justo nec condimentum,Sausage - Meat,1.84,Qianjin,China
548,It,nulla facilisi cras non velit nec nisi vulputate,Oil - Shortening - All - Purpose,5.16,Caminauit,Philippines
549,Zamit,nonummy integer non velit donec,"Soup - Campbells, Minestrone",0.80,Alta Gracia,Argentina
550,Rank,eget semper rutrum,General Purpose Trigger,1.37,Palenggihan,Indonesia
551,Bitwolf,tincidunt ante vel ipsum praesent blandit lacinia erat vestibulum sed,"Wine - White, Pelee Island",4.63,Shahe,China
552,Sonair,eros elementum pellentesque quisque porta volutpat erat quisque erat,Glass - Juice Clear 5oz 55005,9.72,Ilihan,Philippines
553,Tempsoft,eget congue eget,Wonton Wrappers,6.37,Campo,Portugal
554,It,nibh in hac,Glaze - Clear,6.60,San Miguel,Paraguay
555,Veribet,in leo maecenas pulvinar lobortis est phasellus,Sage Ground Wiberg,0.72,Ongjin,North Korea
556,Greenlam,volutpat dui maecenas tristique,Crackers Cheez It,4.93,Jiupu,China
557,Tempsoft,lacus at velit vivamus vel nulla,Flour - Masa De Harina Mexican,2.50,Ciénaga,Colombia
558,Tempsoft,sit amet eros suspendisse accumsan tortor,"Tart Shells - Barquettes, Savory",2.90,Bayt Ūmmar,Palestinian Territory
559,Subin,morbi a ipsum integer a nibh in quis,Wine - Shiraz South Eastern,2.30,Yabēlo,Ethiopia
560,Duobam,aliquet pulvinar sed nisl nunc rhoncus dui vel sem,Tomatoes - Yellow Hot House,6.61,Hinapalanan,Philippines
561,Solarbreeze,pede justo eu massa donec dapibus duis at,Tea - Jasmin Green,0.91,Xinjiang,China
562,Transcof,mi in porttitor pede justo eu massa donec,Tomato - Green,8.48,Sihe,China
563,Tampflex,pellentesque at nulla suspendisse potenti cras in,Coffee - Egg Nog Capuccino,6.00,Noen Maprang,Thailand
564,Regrant,eu felis fusce,Nectarines,5.04,Maao,Philippines
565,Fintone,risus auctor sed tristique in tempus sit amet sem fusce,Container Clear 8 Oz,6.48,Khao Wong,Thailand
566,Bitchip,diam neque vestibulum,"Rum - Cream, Amarula",6.38,Lapuyan,Philippines
567,Sub-Ex,elit sodales scelerisque mauris sit amet eros suspendisse,Blouse / Shirt / Sweater,7.29,Frösön,Sweden
568,Tresom,pellentesque ultrices phasellus id sapien,Sugar - Monocystal / Rock,4.85,Detroit,United States
569,Bitwolf,turpis a pede,Jolt Cola - Electric Blue,5.57,Conceição do Araguaia,Brazil
570,It,non ligula pellentesque ultrices phasellus id sapien in,Puree - Blackcurrant,5.78,Rzeszów,Poland
571,Regrant,libero nam dui proin leo odio porttitor id consequat,"Chilli Paste, Hot Sambal Oelek",1.53,Gryaznovskoye,Russia
572,Cookley,sapien ut nunc vestibulum ante,Cocoa Butter,4.49,Haliut,China
573,Flowdesk,suscipit ligula in lacus curabitur,Sauce Bbq Smokey,2.52,Donostia-San Sebastian,Spain
574,Konklab,morbi sem mauris laoreet ut rhoncus,Kellogs All Bran Bars,1.84,Janiuay,Philippines
575,Solarbreeze,erat fermentum justo nec condimentum neque,Radish - Pickled,6.37,Jesenice,Croatia
576,Fixflex,augue vestibulum ante ipsum primis,Lemon Tarts,0.83,Capiíbary,Paraguay
577,Zoolab,sed vel enim sit amet nunc viverra dapibus,Oil - Margarine,1.02,Liukou,China
578,Bytecard,sagittis sapien cum sociis natoque penatibus et,Pork - European Side Bacon,0.08,Felgueiras,Portugal
579,Sub-Ex,at nibh in hac habitasse platea dictumst aliquam,Cilantro / Coriander - Fresh,2.40,Bulung’ur,Uzbekistan
580,Aerified,ac consequat metus sapien ut nunc vestibulum ante ipsum,"Wine - White, Cooking",1.17,Vlachovice,Czech Republic
581,Latlux,ut ultrices vel augue vestibulum ante,"Hickory Smoke, Liquid",0.31,Maca,Peru
582,Veribet,at nibh in,Turkey Leg With Drum And Thigh,8.69,Nangabulik,Indonesia
583,Zontrax,dolor morbi vel lectus in quam fringilla rhoncus mauris,Puree - Mocha,8.12,Jetis,Indonesia
584,Tempsoft,sed justo pellentesque viverra pede,Wine - Niagara Peninsula Vqa,3.68,Magumeri,Nigeria
585,Vagram,enim blandit mi in,Rice - Jasmine Sented,0.82,Boston,United States
586,Mat Lam Tam,volutpat eleifend donec,Chocolate - Liqueur Cups With Foil,2.40,Cabuyao,Philippines
587,Daltfresh,enim leo rhoncus sed vestibulum sit amet cursus id,Horseradish Root,2.26,Santa Nino,Philippines
588,Holdlamis,blandit nam nulla,Lychee - Canned,8.01,Mungwi,Zambia
589,Cardguard,nulla facilisi cras non,Wine - Manischewitz Concord,3.64,Khakhea,Botswana
590,Zoolab,ultrices posuere cubilia curae mauris viverra diam vitae,Isomalt,7.59,Jingzhu,China
591,Home Ing,consectetuer adipiscing elit proin risus praesent lectus vestibulum quam,"Pesto - Primerba, Paste",7.89,Sasaguri,Japan
592,Span,interdum eu tincidunt in leo maecenas pulvinar lobortis,Beef - Montreal Smoked Brisket,7.62,Novopokrovskaya,Russia
593,Matsoft,metus arcu adipiscing molestie hendrerit at vulputate vitae nisl,Cheese Cloth No 60,0.39,Mariefred,Sweden
594,Asoka,interdum mauris ullamcorper purus sit amet nulla,"Trout - Rainbow, Frozen",2.01,Nacala,Mozambique
595,Duobam,sapien cursus vestibulum proin eu mi nulla ac enim,Muffin Batt - Ban Dream Zero,5.69,Nanbin,China
596,It,platea dictumst maecenas ut,Sponge Cake Mix - Chocolate,8.84,Sloboda,Russia
597,Alphazap,sed accumsan felis ut at dolor quis odio consequat varius,Appetizer - Assorted Box,9.68,Jikamshi,Nigeria
598,It,nec nisi vulputate nonummy maecenas tincidunt lacus at velit,"Stock - Chicken, White",9.98,Melaka,Malaysia
599,Wrapsafe,morbi sem mauris laoreet ut rhoncus aliquet,Ecolab Silver Fusion,5.30,Port-Vila,Vanuatu
600,Fix San,ut odio cras,Muffin Mix - Oatmeal,6.35,Turinsk,Russia
601,Cookley,eget nunc donec quis orci eget orci vehicula condimentum curabitur,Oil - Sunflower,7.69,Shiyan,China
602,Mat Lam Tam,et tempus semper est quam pharetra magna ac consequat metus,Beets - Golden,3.38,Plesná,Czech Republic
603,Quo Lux,convallis tortor risus dapibus augue vel accumsan tellus nisi,Plasticknivesblack,6.81,Granja,Portugal
604,Namfix,augue vel accumsan tellus nisi eu orci mauris lacinia sapien,Transfer Sheets,0.52,Heping,China
605,Alpha,erat vestibulum sed magna at,Fork - Plastic,1.49,Perbaungan,Indonesia
606,Redhold,morbi quis tortor id nulla ultrices aliquet maecenas leo,Veal Inside - Provimi,9.10,Huangguan,China
607,Konklab,integer ac neque duis,"Pork - Loin, Boneless",9.20,Honghualiangzi,China
608,Latlux,integer tincidunt ante vel ipsum praesent blandit,Wine - Shiraz Wolf Blass Premium,3.79,Ouro Branco,Brazil
609,Zoolab,rutrum nulla tellus in sagittis dui vel nisl,Wine - Casillero Deldiablo,6.94,Temanjang,Indonesia
610,Tresom,vivamus metus arcu adipiscing molestie hendrerit,"Sparkling Wine - Rose, Freixenet",3.82,20 de Noviembre,Mexico
611,Cookley,in lacus curabitur at ipsum,Milk - Condensed,3.67,Lazaro Cardenas,Mexico
612,Aerified,vivamus tortor duis mattis,"Wine - White, Antinore Orvieto",3.74,Ciherang,Indonesia
613,Bytecard,pellentesque eget nunc donec quis orci eget,Beef - Short Loin,2.02,Benito Juarez,Mexico
614,Wrapsafe,rhoncus aliquam lacus morbi,Flax Seed,5.75,Sicamous,Canada
615,Tempsoft,proin leo odio porttitor id consequat in consequat ut,Calypso - Black Cherry Lemonade,0.07,Shwebo,Myanmar
616,Voltsillam,aliquam sit amet diam in magna bibendum,Teriyaki Sauce,6.42,Tashtagol,Russia
617,Biodex,bibendum imperdiet nullam orci pede,"Star Anise, Whole",7.17,Chrast,Czech Republic
618,Rank,interdum mauris ullamcorper purus sit amet nulla,Ginsing - Fresh,3.18,Oklahoma City,United States
619,Otcom,ipsum ac tellus semper interdum,Water - Spring Water 500ml,5.80,Áno Merá,Greece
620,Opela,tortor sollicitudin mi sit amet lobortis sapien sapien non mi,Syrup - Chocolate,7.31,Tiksi,Russia
621,Konklux,non interdum in ante,Food Colouring - Orange,4.20,Xiangride,China
622,Vagram,blandit lacinia erat vestibulum sed,Truffle - Whole Black Peeled,2.01,Umbultanjung,Indonesia
623,Overhold,elementum ligula vehicula consequat morbi a,"Pork - Bacon, Double Smoked",4.07,Si Somdet,Thailand
624,Namfix,facilisi cras non velit nec nisi,"Crab - Dungeness, Whole, live",0.85,Huangshan,China
625,Veribet,odio odio elementum,Soup - French Onion,4.68,Aitape,Papua New Guinea
626,Latlux,id justo sit amet sapien dignissim vestibulum vestibulum,"Tart Shells - Savory, 3",3.07,Salcedo,Dominican Republic
627,Tempsoft,dis parturient montes nascetur,Island Oasis - Strawberry,0.22,San Patricio,Paraguay
628,Hatity,maecenas tincidunt lacus,Pork - Kidney,0.03,Gotse Delchev,Bulgaria
629,Fintone,orci mauris lacinia sapien quis libero nullam sit,Calvados - Boulard,6.13,Smoky Lake,Canada
630,Cardguard,in tempor turpis nec euismod scelerisque quam turpis adipiscing lorem,Pepper - Roasted Red,0.64,Sadek,Vietnam
631,Sub-Ex,dui vel sem sed sagittis nam congue,Versatainer Nc - 9388,1.91,Changgai,China
632,Keylex,donec diam neque vestibulum,Towel Multifold,2.84,Citasuk,Indonesia
633,Wrapsafe,luctus et ultrices posuere cubilia curae,Soup - Base Broth Beef,2.57,Liangchahe,China
634,Zoolab,a libero nam,Flour - Masa De Harina Mexican,2.74,Blois,France
635,It,id sapien in sapien iaculis congue vivamus,Grouper - Fresh,4.80,Brusy,Poland
636,Flowdesk,habitasse platea dictumst,Sprouts - Corn,6.80,Pakenjeng,Indonesia
637,Namfix,suspendisse accumsan tortor,"Tart Shells - Sweet, 4",8.47,Chongjin,North Korea
638,Sonsing,ante nulla justo,Wild Boar - Tenderloin,4.47,Greensboro,United States
639,Aerified,lacus at velit vivamus vel,Tilapia - Fillets,9.25,Llama,Peru
640,Zathin,aliquam non mauris morbi non lectus aliquam sit amet,Island Oasis - Banana Daiquiri,9.80,Honglu,China
641,Temp,massa donec dapibus duis at velit eu,Flour - Cake,9.19,Muting,Indonesia
642,Zathin,posuere felis sed lacus morbi sem mauris,"Chicken - Breast, 5 - 7 Oz",1.69,Hongjiang,China
643,Bamity,imperdiet sapien urna pretium nisl ut volutpat sapien arcu,Wine - Red Oakridge Merlot,7.46,Krapivna,Russia
644,Sonair,volutpat erat quisque erat eros viverra eget congue,Banana Turning,6.91,Novo Hamburgo,Brazil
645,Bitwolf,consequat metus sapien ut nunc vestibulum ante ipsum,Cake - Bande Of Fruit,7.45,Dongtai,China
646,Mat Lam Tam,duis at velit eu,Cake - Box Window 10x10x2.5,3.73,Muraharjo,Indonesia
647,Biodex,eget rutrum at lorem integer tincidunt ante vel ipsum praesent,Icecream - Dibs,5.90,Shanhou,China
648,Bitchip,est congue elementum in hac,Pork - Backs - Boneless,2.18,Pułtusk,Poland
649,Mat Lam Tam,mauris eget massa tempor convallis nulla neque libero,Remy Red,0.13,Cerava,Albania
650,Flexidy,non sodales sed tincidunt eu felis fusce posuere felis,Red Pepper Paste,3.92,Granada,Colombia
651,Tempsoft,cum sociis natoque penatibus et magnis,Shrimp - 31/40,9.19,Saint Catherine,Egypt
652,Sonsing,nullam orci pede venenatis non sodales sed,Wine - Marlbourough Sauv Blanc,5.07,Khānaqāh,Afghanistan
653,Zamit,morbi non lectus aliquam sit amet,Gatorade - Cool Blue Raspberry,3.64,San Fernando del Valle de Catamarca,Argentina
654,Bytecard,nulla eget eros elementum pellentesque quisque porta,"Red Snapper - Fillet, Skin On",5.64,Subic,Philippines
655,Opela,vivamus metus arcu,Crackers - Water,0.86,Gardutanjak,Indonesia
656,Gembucket,amet sapien dignissim vestibulum vestibulum ante ipsum,Bananas,9.11,Ueda,Japan
657,It,nibh in lectus pellentesque at,"Bread - Rolls, Corn",8.04,Des Moines,United States
658,Hatity,ipsum primis in faucibus orci luctus et ultrices,Ham Black Forest,4.58,Colón,Cuba
659,Sonsing,eu massa donec dapibus,Scotch - Queen Anne,6.34,Altıağac,Azerbaijan
660,Zathin,adipiscing elit proin risus praesent lectus vestibulum quam,Iced Tea Concentrate,7.82,Sebuku,Indonesia
661,Flexidy,est lacinia nisi,V8 - Vegetable Cocktail,4.79,Madrid,Spain
662,Voltsillam,justo nec condimentum neque sapien,Wine - Ice Wine,0.41,Zibreira,Portugal
663,Toughjoyfax,aliquet massa id lobortis convallis tortor risus dapibus augue vel,Beef - Striploin Aa,4.85,Kruševac,Serbia
664,Konklux,morbi porttitor lorem id ligula suspendisse ornare consequat,"Cake Circle, Paprus",1.99,Wangshi,China
665,Alpha,id luctus nec molestie sed justo pellentesque,Yoghurt Tubes,0.33,Baghlān,Afghanistan
666,Treeflex,ullamcorper augue a suscipit nulla,Vaccum Bag - 14x20,4.43,Gurung,Indonesia
667,Stringtough,molestie lorem quisque ut,Herb Du Provence - Primerba,5.45,El Puerto,Dominican Republic
668,Daltfresh,justo nec condimentum neque sapien,"Lettuce - Mini Greens, Whole",0.99,Hamburg Harvestehude,Germany
669,Sub-Ex,convallis morbi odio odio elementum eu interdum eu tincidunt,Lettuce - Boston Bib,8.82,Zhaowu,China
670,Wrapsafe,nulla ut erat id mauris vulputate,Ham Black Forest,2.13,Pesek,Indonesia
671,Lotstring,condimentum neque sapien placerat ante nulla justo,Yogurt - French Vanilla,8.60,Kapshagay,Kazakhstan
672,Duobam,integer a nibh in quis justo maecenas,Beer - Blue,3.93,Tozkhurmato,Iraq
673,Overhold,ligula suspendisse ornare consequat lectus in,Pickles - Gherkins,3.08,Dharān Bāzār,Nepal
674,Biodex,eu orci mauris lacinia sapien quis,Garam Masala Powder,4.29,Uummannaq,Greenland
675,Otcom,nullam orci pede,Wine - Periguita Fonseca,2.70,Palmeira das Missões,Brazil
676,Alpha,adipiscing elit proin interdum mauris non ligula,Container Clear 8 Oz,1.18,Ibiúna,Brazil
677,Voyatouch,erat id mauris vulputate elementum nullam varius,Apple - Custard,5.24,Xinpo,China
678,Sonair,amet turpis elementum ligula,Tea - Herbal Orange Spice,1.69,Lianozovo,Russia
679,Bitchip,eu mi nulla ac enim in tempor,Cheese - Swiss,5.47,Petani,Indonesia
680,Voltsillam,gravida sem praesent id massa id,Cheese - Gouda,0.61,Houping,China
681,Konklab,ridiculus mus etiam vel augue vestibulum rutrum,Brandy Apricot,6.35,Kaset Sombun,Thailand
682,Quo Lux,diam erat fermentum justo nec condimentum neque,"Bread - Bagels, Mini",7.26,Chuanxi,China
683,Cardify,nunc vestibulum ante ipsum,Jicama,0.68,Ḩadādah,Yemen
684,Domainer,vitae nisl aenean lectus pellentesque,Appetizer - Crab And Brie,4.11,Lijia,China
685,Bitwolf,quis turpis sed ante vivamus tortor duis mattis,Puff Pastry - Slab,7.28,Barbalha,Brazil
686,Wrapsafe,nascetur ridiculus mus etiam,Bacardi Mojito,6.60,Qian’an,China
687,Treeflex,amet sapien dignissim vestibulum vestibulum ante ipsum primis,"Yogurt - Raspberry, 175 Gr",8.83,Menglie,China
688,Tempsoft,etiam justo etiam pretium iaculis justo,Bread - Raisin Walnut Pull,8.91,Kuršėnai,Lithuania
689,Cookley,ultrices erat tortor,Dooleys Toffee,2.12,Gif-sur-Yvette,France
690,Lotlux,rutrum nulla nunc purus phasellus in felis,Pastry - Plain Baked Croissant,7.95,Saint-Rémy-de-Provence,France
691,Solarbreeze,faucibus accumsan odio curabitur convallis,Honey - Liquid,2.31,Bianxiong,China
692,Fintone,diam vitae quam suspendisse potenti nullam porttitor,"Jam - Raspberry,jar",1.83,Sölvesborg,Sweden
693,Solarbreeze,quam nec dui luctus rutrum nulla tellus in,"Champagne - Brights, Dry",9.69,Orlando,United States
694,Fix San,primis in faucibus orci luctus et,Shrimp - 31/40,3.61,Calbuco,Chile
695,Zoolab,aliquet ultrices erat tortor sollicitudin mi sit amet,Cheese - Sheep Milk,9.25,Debre Tabor,Ethiopia
696,Fixflex,felis ut at dolor,Wine - Placido Pinot Grigo,3.64,Detchino,Russia
697,Home Ing,pellentesque viverra pede ac diam cras pellentesque,"Pail - 15l White, With Handle",5.77,Kresek,Indonesia
698,Y-Solowarm,tempor convallis nulla neque libero convallis eget,Glass Clear 8 Oz,7.33,Sampués,Colombia
699,Prodder,ut massa quis augue luctus tincidunt nulla,Flavouring - Rum,0.80,Tunguang,China
700,Subin,sapien arcu sed augue aliquam erat volutpat in,Veal - Leg,4.79,São Gonçalo do Amarante,Brazil
701,Cardify,at feugiat non pretium quis lectus suspendisse,"Beans - Turtle, Black, Dry",2.19,Haocun,China
702,Redhold,consequat nulla nisl nunc nisl,Green Scrubbie Pad H.duty,5.74,Hejia,China
703,Sonsing,est phasellus sit amet erat nulla,Passion Fruit,9.62,Nefta,Tunisia
704,Solarbreeze,convallis duis consequat dui nec nisi volutpat,Basil - Thai,4.90,Mont-Royal,Canada
705,Stringtough,nulla nunc purus phasellus in felis donec semper sapien a,Lime Cordial - Roses,4.72,Motegi,Japan
706,Stim,ultrices libero non mattis,"Sauce - Gravy, Au Jus, Mix",3.65,Gamut,Philippines
707,Tin,non sodales sed tincidunt eu felis fusce posuere,"Roe - Lump Fish, Red",2.79,Nyaungdon,Myanmar
708,Domainer,posuere cubilia curae duis faucibus,"Pork - Bacon, Double Smoked",0.74,Paris 15,France
709,Gembucket,velit nec nisi vulputate nonummy maecenas tincidunt lacus at velit,Tea - Lemon Scented,4.89,Maagnas,Philippines
710,Subin,vel accumsan tellus nisi eu orci mauris lacinia sapien quis,"Wine - White, Pinot Grigio",2.69,Revolucion,Mexico
711,Tempsoft,aliquet pulvinar sed nisl nunc rhoncus dui,"Yogurt - Raspberry, 175 Gr",2.35,Lingkou,China
712,Cardguard,turpis enim blandit mi in porttitor pede justo,"Veal - Round, Eye Of",9.79,Nashville,United States
713,Zathin,sit amet nunc viverra,Bagel - 12 Grain Preslice,8.19,Świnna,Poland
714,Zoolab,vulputate luctus cum sociis natoque,Pecan Raisin - Tarts,9.84,Turgun,China
715,Zathin,erat nulla tempus vivamus in felis eu sapien cursus vestibulum,Chocolate - Milk,3.70,Jiaoxie,China
716,Pannier,dapibus nulla suscipit ligula in lacus curabitur at,Magnotta - Bel Paese White,4.54,Tešanj,Bosnia and Herzegovina
717,Konklux,enim lorem ipsum,Silicone Parch. 16.3x24.3,8.70,Jahrom,Iran
718,Latlux,rutrum at lorem integer tincidunt ante vel ipsum praesent,Allspice - Jamaican,8.81,Aibura,Indonesia
719,Quo Lux,mi nulla ac enim in tempor turpis nec euismod,Strawberries - California,4.07,Dobrzyca,Poland
720,Stronghold,at lorem integer tincidunt ante vel ipsum,Syrup - Pancake,5.62,Mompós,Colombia
721,Redhold,orci pede venenatis non sodales sed tincidunt,Cherries - Frozen,7.37,Zhengguo,China
722,Latlux,semper est quam pharetra magna ac consequat metus sapien ut,Cheese - Mix,9.23,Paraíso,Brazil
723,Tin,nulla ac enim in tempor turpis nec,Tomato - Tricolor Cherry,8.55,Chatian,China
724,Y-find,cubilia curae nulla dapibus dolor vel est donec,Cheese Cheddar Processed,7.59,Agualote,Honduras
725,Hatity,consequat ut nulla sed accumsan felis,"Cherries - Bing, Canned",4.51,Nangkasari,Indonesia
726,Cookley,integer a nibh in quis justo maecenas rhoncus aliquam lacus,"Chicken - Leg, Boneless",8.48,North Perth,Canada
727,Prodder,quisque ut erat curabitur gravida nisi at nibh in,Almonds Ground Blanched,9.74,Wuyao,China
728,Wrapsafe,turpis eget elit sodales scelerisque mauris sit amet eros suspendisse,V8 Splash Strawberry Kiwi,0.62,Cullinan,South Africa
729,Sonair,morbi a ipsum,Greens Mustard,2.53,Huangdao,China
730,Voyatouch,nulla dapibus dolor vel,Wine - Prosecco Valdobienne,7.66,Santo Domingo,Philippines
731,Viva,egestas metus aenean fermentum donec ut,Wine - Zinfandel California 2002,9.84,Balung Barat,Indonesia
732,Tempsoft,vel pede morbi porttitor lorem,"Chilli Paste, Hot Sambal Oelek",0.76,Blagaj,Bosnia and Herzegovina
733,Span,duis aliquam convallis nunc,V8 - Berry Blend,5.05,Alvito de São Pedro,Portugal
734,Biodex,molestie nibh in lectus pellentesque at nulla suspendisse,Sprouts - Baby Pea Tendrils,1.38,Wałcz,Poland
735,Namfix,eros suspendisse accumsan tortor quis turpis sed ante vivamus,Wine - Fontanafredda Barolo,0.10,Valinhos,Portugal
736,Lotlux,ac enim in tempor turpis nec euismod,"Soup - Knorr, French Onion",1.08,Hoboksar,China
737,Kanlam,diam erat fermentum justo nec,"Pasta - Bauletti, Chicken White",1.82,Adrasmon,Tajikistan
738,Daltfresh,sollicitudin mi sit,Shallots,2.95,Ballybofey,Ireland
739,Aerified,velit vivamus vel nulla eget eros elementum pellentesque quisque,Cheese - Comte,6.44,Cáceres,Colombia
740,Span,leo odio condimentum id luctus nec,"Rum - Cream, Amarula",7.00,San Diego,Colombia
741,Fintone,commodo placerat praesent blandit nam nulla,Oil - Peanut,9.68,Welkom,South Africa
742,Solarbreeze,donec dapibus duis at velit eu,"Rum - Cream, Amarula",5.91,Bakunase,Indonesia
743,Sonsing,nibh in quis justo maecenas rhoncus aliquam lacus morbi quis,"Champagne - Brights, Dry",7.33,Jetis,Indonesia
744,Quo Lux,vivamus tortor duis mattis egestas metus aenean,Tomatoes - Orange,6.82,Bruxelles,Belgium
745,Cardify,pretium nisl ut volutpat,Bread Base - Goodhearth,7.31,Forécariah,Guinea
746,Fixflex,odio condimentum id luctus nec molestie sed,Juice - Mango,5.76,Hualin,China
747,Solarbreeze,natoque penatibus et magnis dis,"Quail - Whole, Bone - In",1.66,Nanxiang,China
748,Stronghold,donec posuere metus vitae ipsum aliquam non,"Pasta - Shells, Medium, Dry",0.77,Daohe,China
749,Quo Lux,condimentum curabitur in,Foil Cont Round,8.41,Rizal,Philippines
750,Sonsing,integer pede justo lacinia eget tincidunt eget tempus vel,Bread Base - Toscano,1.96,Gar,China
751,Treeflex,in faucibus orci luctus et ultrices posuere cubilia curae,Bread - Raisin,4.79,Toyonaka,Japan
752,Cardguard,leo odio condimentum id luctus nec molestie sed,"Bread - White, Unsliced",3.02,Liaoyang,China
753,Redhold,tellus semper interdum mauris ullamcorper purus,Compound - Strawberry,8.13,Anding,China
754,Hatity,in hac habitasse platea dictumst etiam,Beef Tenderloin Aaa,9.34,Angasmarca,Peru
755,Namfix,ante vivamus tortor duis mattis egestas metus aenean fermentum donec,Kirsch - Schloss,2.28,Maturín,Venezuela
756,Transcof,tincidunt in leo maecenas pulvinar lobortis,Wine - Riesling Dr. Pauly,0.77,Atambua,Indonesia
757,Opela,aliquam convallis nunc proin at,Wine - George Duboeuf Rose,1.69,Novomyshastovskaya,Russia
758,Holdlamis,at vulputate vitae nisl aenean lectus,"Pasta - Lasagna, Dry",1.71,Kanigorokrajan,Indonesia
759,Greenlam,tortor quis turpis sed ante,Limes,9.47,Karanganyar,Indonesia
760,Bitchip,odio condimentum id luctus nec molestie sed justo pellentesque,Basil - Fresh,5.38,Borodinskiy,Russia
761,Alpha,eros viverra eget,"C - Plus, Orange",7.63,Lolak,Indonesia
762,Sub-Ex,libero convallis eget eleifend luctus ultricies eu,Daves Island Stinger,7.71,Bagong Pagasa,Philippines
763,Sub-Ex,quis lectus suspendisse,Filter - Coffee,7.77,Marcos,Philippines
764,Lotstring,feugiat non pretium quis,Beef - Cow Feet Split,3.74,Lat Yao,Thailand
765,Voltsillam,aenean fermentum donec ut mauris eget massa tempor,Wine - Ruffino Chianti Classico,6.74,Qushi’an,China
766,Daltfresh,est risus auctor sed tristique in tempus sit amet sem,Wine - Pinot Noir Stoneleigh,9.29,Kīsh,Iran
767,Biodex,nullam molestie nibh in lectus pellentesque at nulla suspendisse,Clams - Bay,3.44,Nové Město pod Smrkem,Czech Republic
768,Voltsillam,nisi volutpat eleifend donec ut dolor morbi vel lectus in,Gatorade - Fruit Punch,3.24,Perpignan,France
769,Rank,quis libero nullam sit,Bread - Malt,9.52,Ystad,Sweden
770,Cookley,hac habitasse platea dictumst morbi vestibulum velit id pretium iaculis,Cheese - Camembert,8.88,Lafiagi,Nigeria
771,Home Ing,enim in tempor turpis nec euismod scelerisque,Truffle Shells - Semi - Sweet,7.80,Hlusk,Belarus
772,Stim,mi pede malesuada in imperdiet et commodo vulputate,Bread - Olive Dinner Roll,7.54,Londrina,Brazil
773,Bigtax,nec dui luctus rutrum nulla tellus in sagittis dui vel,"Syrup - Monin, Swiss Choclate",7.72,Veselí nad Lužnicí,Czech Republic
774,Andalax,quis turpis sed ante vivamus tortor,Towel Dispenser,6.64,Nkhotakota,Malawi
775,Gembucket,suscipit ligula in lacus,Longos - Cheese Tortellini,0.31,Nashville,United States
776,Overhold,rhoncus aliquet pulvinar sed nisl nunc rhoncus dui vel,Mustard - Pommery,7.48,Monte Carmelo,Brazil
777,Zoolab,non lectus aliquam sit amet diam in magna bibendum,Miso Paste White,2.30,Bambang,Philippines
778,Temp,justo sit amet,Jicama,1.24,Mariestad,Sweden
779,Opela,adipiscing molestie hendrerit at,"Wine - Red, Wolf Blass, Yellow",9.14,Sumbergedong,Indonesia
780,Zamit,accumsan tellus nisi eu orci mauris lacinia sapien quis libero,Wine - Chateau Bonnet,1.01,Pirojpur,Bangladesh
781,Redhold,non sodales sed tincidunt eu felis fusce posuere felis,Water - Tonic,1.41,Klole,Indonesia
782,Bamity,magna vulputate luctus cum sociis natoque,"Potatoes - Instant, Mashed",3.24,Buenavista,Mexico
783,Stim,sapien arcu sed,"Veal - Chops, Split, Frenched",8.18,Florencia,Colombia
784,Transcof,neque libero convallis eget eleifend,Limes,7.01,Ereira,Portugal
785,Regrant,congue vivamus metus,Sea Bass - Whole,7.77,Xilinji,China
786,Regrant,integer aliquet massa,Pumpkin - Seed,6.82,Khārān,Pakistan
787,Pannier,suscipit nulla elit ac nulla,Bread - Focaccia Quarter,6.04,Houston,United States
788,Regrant,lectus in est risus auctor sed tristique in tempus,Yucca,1.05,Selorejo,Indonesia
789,Zontrax,suscipit ligula in lacus curabitur at,Eel Fresh,8.59,Chumphon Buri,Thailand
790,Cookley,semper interdum mauris ullamcorper purus,Beef - Sushi Flat Iron Steak,5.93,Manquiring,Philippines
791,Transcof,lacus at turpis donec posuere metus vitae ipsum aliquam non,"Water - Spring Water, 355 Ml",8.37,Dū Laīnah,Afghanistan
792,Trippledex,vel enim sit amet nunc,"Rum - Light, Captain Morgan",8.73,Fuxi,China
793,Ronstring,semper sapien a,Chives - Fresh,9.19,Iyo,Japan
794,Span,tempus semper est quam pharetra magna ac consequat metus sapien,Cake Sheet Combo Party Pack,7.50,Rubik,Albania
795,Fixflex,cras non velit nec nisi vulputate nonummy maecenas,Pastry - Banana Tea Loaf,3.92,Lieyu,China
796,Tampflex,nisi at nibh in hac habitasse platea dictumst,Cookie Dough - Chocolate Chip,9.47,Tangdong,China
797,Ronstring,habitasse platea dictumst morbi vestibulum velit id pretium iaculis diam,Cup - 4oz Translucent,4.32,Casa Nova,Portugal
798,Holdlamis,magna at nunc commodo placerat praesent blandit nam nulla integer,Assorted Desserts,5.81,Abu Dhabi,United Arab Emirates
799,Zontrax,hendrerit at vulputate vitae nisl aenean lectus pellentesque eget,Rice - Jasmine Sented,2.08,Kuala Baru,Indonesia
800,Voyatouch,parturient montes nascetur ridiculus mus etiam vel augue vestibulum,Sproutsmustard Cress,6.47,Tessaoua,Niger
801,Redhold,etiam justo etiam,Sunflower Seed Raw,0.20,Fundación,Colombia
802,Trippledex,dictumst aliquam augue quam sollicitudin vitae consectetuer eget rutrum,Dish Towel,2.13,Zarechnyy,Russia
803,Gembucket,ut tellus nulla ut,Wine - Trimbach Pinot Blanc,6.57,Tournai,Belgium
804,Fix San,ligula vehicula consequat morbi a ipsum integer,Octopus,0.74,Novovladykino,Russia
805,Tampflex,penatibus et magnis dis parturient montes,Energy Drink Bawls,3.23,Xingzhen,China
806,Bytecard,vestibulum eget vulputate ut ultrices vel augue vestibulum ante ipsum,Crackers - Trio,9.80,Horad Pinsk,Belarus
807,Rank,proin interdum mauris,"Nut - Pecan, Halves",7.29,Langzhong,China
808,Span,sed magna at nunc commodo,Bread - Olive,9.49,Strezhevoy,Russia
809,Greenlam,vulputate nonummy maecenas tincidunt lacus at velit,Napkin - Beverage 1 Ply,0.67,Arrabal,Portugal
810,Fix San,orci luctus et ultrices posuere cubilia curae,"Lemonade - Natural, 591 Ml",1.24,Budapest,Hungary
811,Y-find,curabitur convallis duis consequat dui nec nisi volutpat eleifend donec,Cheese - Bakers Cream Cheese,3.64,San Fernando,Philippines
812,Kanlam,in congue etiam justo etiam pretium iaculis justo,Dill Weed - Dry,9.28,Petite Anse,Haiti
813,Asoka,hac habitasse platea dictumst etiam faucibus cursus,Tuna - Loin,8.13,Buang,Philippines
814,Opela,semper interdum mauris ullamcorper purus sit amet nulla,"Water - Spring Water, 355 Ml",5.63,Voronkov,Ukraine
815,Domainer,quam pede lobortis ligula sit amet eleifend pede libero,Appetizer - Veg Assortment,4.55,Malbork,Poland
816,Konklux,mi in porttitor pede,Truffle Cups - Brown,9.72,Stara Kiszewa,Poland
817,Lotlux,curae nulla dapibus dolor vel est donec odio justo sollicitudin,"Crab - Back Fin Meat, Canned",1.46,San Lorenzo,Peru
818,Namfix,et tempus semper est,Calypso - Black Cherry Lemonade,4.84,Longchiqiao,China
819,Ventosanzap,potenti cras in purus eu magna vulputate luctus,"Split Peas - Yellow, Dry",2.60,Rumburk,Czech Republic
820,Opela,consectetuer adipiscing elit proin,Pastry - Apple Muffins - Mini,2.06,Suzhou,China
821,Gembucket,nisi venenatis tristique fusce,Beef - Ox Tongue,8.66,Valencia,Philippines
822,Bytecard,a odio in hac habitasse,Lamb - Shanks,8.85,Kuressaare,Estonia
823,Zontrax,risus dapibus augue vel accumsan tellus,Squash - Guords,3.69,Mirovka,Ukraine
824,Holdlamis,platea dictumst aliquam augue quam,Water - Spring Water 500ml,2.34,Essen,Germany
825,Opela,turpis nec euismod scelerisque quam turpis adipiscing lorem vitae,Muffins - Assorted,0.89,Shediac,Canada
826,Bytecard,sed justo pellentesque viverra pede ac diam cras pellentesque volutpat,Coffee - Decafenated,0.95,Venezia,Italy
827,Y-find,ornare consequat lectus in est,Honey - Liquid,9.98,Palangan,Indonesia
828,Tampflex,dolor sit amet consectetuer adipiscing,Cheese - Sheep Milk,7.30,Bledzew,Poland
829,Flexidy,bibendum felis sed interdum venenatis turpis enim,Broccoli - Fresh,2.08,Zhouling,China
830,Sub-Ex,consequat varius integer,Trueblue - Blueberry Cranberry,5.72,Tarsouat,Morocco
831,Lotlux,semper porta volutpat quam pede lobortis ligula sit amet eleifend,Glaze - Apricot,9.86,Casa Nova,Portugal
832,Mat Lam Tam,dolor morbi vel lectus in quam,Breakfast Quesadillas,7.38,Koshki,Russia
833,Aerified,amet sem fusce,Table Cloth 90x90 Colour,4.05,Meylan,France
834,Solarbreeze,nisl ut volutpat sapien arcu sed augue aliquam,Flour - Chickpea,4.73,Taoyuan,China
835,Bitwolf,congue elementum in hac,"Chocolate - Pistoles, Lactee, Milk",6.92,Pogorzyce,Poland
836,Pannier,convallis duis consequat dui nec nisi,Honey - Liquid,3.49,Yubileynyy,Russia
837,Transcof,felis sed interdum venenatis turpis enim blandit mi in porttitor,Capers - Ox Eye Daisy,5.26,Yanjiatai,China
838,Otcom,sollicitudin mi sit amet lobortis,Appetizer - Escargot Puff,5.17,Kvasy,Ukraine
839,Stim,sed accumsan felis ut at dolor quis odio consequat varius,Sugar - Splenda Sweetener,8.67,Clondalkin,Ireland
840,Otcom,dapibus nulla suscipit ligula in lacus curabitur,"Wine - White, Lindemans Bin 95",7.36,Arkalyk,Kazakhstan
841,Daltfresh,quis libero nullam sit amet,Beef - Inside Round,4.30,Igang,Philippines
842,Span,fusce lacus purus aliquet at feugiat non,Sea Bass - Whole,0.61,Buchlovice,Czech Republic
843,Ronstring,pede justo lacinia eget tincidunt eget,Capers - Ox Eye Daisy,0.59,Dongyang,China
844,Bamity,id ornare imperdiet,Bag Clear 10 Lb,5.04,Maythalūn,Palestinian Territory
845,Mat Lam Tam,dolor morbi vel lectus,The Pop Shoppe - Lime Rickey,5.31,Staroshcherbinovskaya,Russia
846,Gembucket,in blandit ultrices enim lorem ipsum,Flour - Masa De Harina Mexican,0.50,Nancheng,China
847,Keylex,quam a odio in hac habitasse platea dictumst,Taro Root,5.31,Sarykemer,Kazakhstan
848,Asoka,morbi non lectus aliquam,Red Currant Jelly,4.76,Ritchie,South Africa
849,Bigtax,ut erat id mauris vulputate elementum nullam varius nulla,Chef Hat 25cm,0.38,Chicama,Peru
850,Tampflex,porttitor lacus at,"Wine - White, Mosel Gold",6.64,Sarpang,Bhutan
851,Y-find,lorem quisque ut erat curabitur gravida nisi at nibh in,Teriyaki Sauce,3.74,Rawawilis,Indonesia
852,Fixflex,a odio in hac habitasse platea dictumst maecenas ut massa,Mousse - Banana Chocolate,9.87,Ndjolé,Gabon
853,Fix San,pharetra magna vestibulum aliquet ultrices erat,Carbonated Water - Strawberry,2.09,Mengxi,China
854,Cardify,vivamus metus arcu adipiscing molestie hendrerit at,Bread - Italian Sesame Poly,0.13,Itako,Japan
855,Otcom,morbi odio odio,Lettuce - Escarole,2.38,Cancela,Portugal
856,Tres-Zap,ridiculus mus vivamus vestibulum,"Fish - Base, Bouillion",1.82,Nizhnedevitsk,Russia
857,Zaam-Dox,volutpat convallis morbi odio odio,Gatorade - Orange,6.88,Dahay,Philippines
858,Konklab,ut nunc vestibulum ante ipsum primis in faucibus,Curry Paste - Green Masala,6.11,Ha’erlong,China
859,Cardguard,platea dictumst morbi vestibulum velit id pretium,Towel Multifold,5.89,Guatire,Venezuela
860,Cardguard,et ultrices posuere cubilia curae donec pharetra magna vestibulum,Bar Mix - Lime,7.96,Lusk,Ireland
861,Voltsillam,in congue etiam justo etiam pretium iaculis justo,Tray - 16in Rnd Blk,2.41,Xianqiao,China
862,Greenlam,cras mi pede malesuada in imperdiet et commodo,Bar Mix - Lemon,1.97,Sagarejo,Georgia
863,Sonair,consequat lectus in,Tequila Rose Cream Liquor,7.38,Rio Bonito,Brazil
864,Flowdesk,pretium iaculis diam erat,Cactus Pads,4.04,Kute,Indonesia
865,Zamit,ultrices libero non mattis,Oil - Canola,6.63,Naples,United States
866,Quo Lux,luctus rutrum nulla tellus in sagittis dui vel nisl duis,Fudge - Chocolate Fudge,7.82,Gunung Timur,Indonesia
867,Bitchip,quis augue luctus tincidunt nulla mollis,"Bread - Pita, Mini",9.10,Álimos,Greece
868,Zathin,nascetur ridiculus mus etiam vel augue,"Potatoes - Purple, Organic",5.47,Malveira,Portugal
869,Job,orci luctus et ultrices posuere cubilia,Beans - French,8.65,Lunen,Philippines
870,Zamit,penatibus et magnis dis,"Pasta - Rotini, Dry",3.85,Gopaan,Indonesia
871,Zontrax,nisl venenatis lacinia aenean sit amet justo,Sprouts - Pea,1.64,Wuyang,China
872,Tres-Zap,viverra pede ac diam cras pellentesque volutpat dui maecenas tristique,Butter - Pod,8.13,Văn Điển,Vietnam
873,Greenlam,potenti in eleifend,Bread - Focaccia Quarter,8.95,Cekcyn,Poland
874,Ronstring,vivamus vel nulla,Broom - Angled,0.56,Kuafeu,Indonesia
875,Zamit,non quam nec,Muskox - French Rack,9.04,Madrid,Spain
876,Wrapsafe,sapien quis libero nullam sit amet turpis elementum ligula vehicula,Turkey - Ground. Lean,3.15,Dobřív,Czech Republic
877,Transcof,ipsum primis in faucibus orci luctus et ultrices,Wine - Magnotta - Belpaese,7.54,Mosjøen,Norway
878,Domainer,dolor vel est donec odio justo sollicitudin,Tart - Lemon,7.15,Maoqitun,China
879,Hatity,eget congue eget semper rutrum nulla nunc purus,Scrubbie - Scotchbrite Hand Pad,2.08,Navariya,Ukraine
880,Temp,duis at velit eu,Stock - Fish,9.23,Yacuíba,Bolivia
881,Tresom,lectus vestibulum quam sapien varius ut,Beef - Top Butt,5.94,Tosno,Russia
882,Latlux,proin interdum mauris non ligula pellentesque ultrices phasellus,"Pepper - Chillies, Crushed",7.59,Niaohe,China
883,Job,augue quam sollicitudin vitae consectetuer,Wine - Beringer Founders Estate,2.91,Al Hāshimīyah,Palestinian Territory
884,Zathin,turpis donec posuere metus vitae ipsum,"Pineapple - Canned, Rings",6.88,Uberaba,Brazil
885,Y-Solowarm,dui maecenas tristique est et tempus semper est quam pharetra,Wine - Vidal Icewine Magnotta,1.40,Huddinge,Sweden
886,Biodex,interdum mauris non,Cheese - Goat With Herbs,5.71,Zhangjiafang,China
887,Matsoft,non ligula pellentesque ultrices phasellus id sapien,Spice - Greek 1 Step,9.37,Padangtepung,Indonesia
888,Prodder,elit sodales scelerisque mauris sit amet eros suspendisse accumsan,Napkin - Beverage 1 Ply,1.01,Las Varillas,Argentina
889,Tresom,curae nulla dapibus dolor,"Carrots - Mini, Stem On",8.07,Zouila,Tunisia
890,Solarbreeze,rutrum ac lobortis vel,Scallops - 10/20,4.04,Javānrūd,Iran
891,Toughjoyfax,eget elit sodales scelerisque mauris sit amet eros,Monkfish Fresh - Skin Off,9.86,Brie-Comte-Robert,France
892,Job,ut blandit non interdum in ante,Shrimp - Black Tiger 26/30,3.36,Gložan,Serbia
893,Namfix,lacinia nisi venenatis tristique fusce congue diam,"Potatoes - Purple, Organic",8.70,Daleszyce,Poland
894,Konklab,quis tortor id nulla,"Wine - White, Lindemans Bin 95",5.69,Mallawī,Egypt
895,Zaam-Dox,donec diam neque vestibulum eget vulputate ut ultrices vel,Coffee - Ristretto Coffee Capsule,8.00,Houston,United States
896,Holdlamis,tempor turpis nec euismod scelerisque quam,Pork - Suckling Pig,3.78,Mauá,Brazil
897,Voltsillam,sociis natoque penatibus et magnis,Dried Cherries,7.75,Kavajë,Albania
898,Bamity,in hac habitasse,Compound - Raspberry,8.56,Žiželice,Czech Republic
899,Greenlam,diam nam tristique,Bread - Petit Baguette,2.68,General Ramírez,Argentina
900,Quo Lux,ipsum dolor sit amet consectetuer adipiscing elit proin interdum mauris,White Fish - Filets,2.91,Nikitinskiy,Russia
901,Matsoft,tristique fusce congue diam id,Nori Sea Weed,7.59,Debrzno,Poland
902,Zamit,in hac habitasse platea dictumst aliquam augue quam,Basil - Seedlings Cookstown,4.07,Américo Brasiliense,Brazil
903,Flexidy,diam neque vestibulum eget vulputate ut ultrices,Eggwhite Frozen,4.75,Kurmanayevka,Russia
904,Prodder,pretium quis lectus suspendisse potenti in,Ocean Spray - Kiwi Strawberry,3.46,Tân Phú,Vietnam
905,Regrant,congue vivamus metus arcu adipiscing molestie hendrerit,Jagermeister,3.17,Bombardopolis,Haiti
906,Tresom,nunc commodo placerat praesent blandit nam,Pastry - Choclate Baked,9.37,Vilarinho,Portugal
907,Flexidy,sapien iaculis congue vivamus metus arcu adipiscing molestie,"Chicken - Diced, Cooked",4.77,Rietavas,Lithuania
908,Tampflex,integer non velit donec diam neque vestibulum eget vulputate,Neckerchief Blck,8.59,Lanas,Philippines
909,Transcof,varius nulla facilisi cras,Wiberg Super Cure,6.75,Kłoczew,Poland
910,Bytecard,metus vitae ipsum aliquam non,Wine - Rubyport,9.94,Baños,Ecuador
911,Overhold,donec odio justo sollicitudin,Cranberries - Dry,8.10,Älvängen,Sweden
912,Gembucket,eu mi nulla ac enim in tempor,Wine - Beringer Founders Estate,5.85,Marcos Juárez,Argentina
913,Gembucket,cursus id turpis,The Pop Shoppe - Grape,8.50,Thayetmyo,Myanmar
914,Hatity,quis orci nullam molestie nibh in lectus,"Soup - Knorr, Veg / Beef",0.33,Nanjing,China
915,Cookley,leo odio condimentum id luctus nec molestie sed justo pellentesque,Ecolab Digiclean Mild Fm,4.88,Naguilian,Philippines
916,It,faucibus cursus urna ut tellus nulla ut erat,Wine - Niagara Peninsula Vqa,4.65,Yunji,China
917,Tres-Zap,curabitur convallis duis consequat dui,Dried Cherries,4.98,Dagar,China
918,Vagram,suscipit nulla elit,Ice Cream - Life Savers,2.92,Ресен,Macedonia
919,Vagram,sollicitudin ut suscipit a feugiat,Beef - Short Loin,4.80,Stará Huť,Czech Republic
920,Konklab,placerat ante nulla,Wine - Carmenere Casillero Del,9.24,Alhos Vedros,Portugal
921,Bamity,mus etiam vel augue vestibulum rutrum rutrum neque,Wine - Baron De Rothschild,0.55,Sāqayn,Yemen
922,Sonsing,metus sapien ut nunc,Baking Powder,0.08,Sanxi,China
923,Bitchip,nulla nunc purus,Pie Filling - Pumpkin,9.22,Storuman,Sweden
924,Sub-Ex,ac consequat metus sapien ut nunc,Napkin Colour,1.83,Lyubokhna,Russia
925,Trippledex,a pede posuere nonummy integer non velit,Turkey - Oven Roast Breast,9.47,Zboriv,Ukraine
926,Wrapsafe,vel enim sit amet nunc viverra dapibus,Chips - Potato Jalapeno,1.78,Banjar Peguyangan,Indonesia
927,Lotlux,in leo maecenas pulvinar,Asparagus - Frozen,6.14,Nagpandayan,Philippines
928,Overhold,sit amet consectetuer adipiscing elit,"Pasta - Orzo, Dry",2.73,Hanfeng,China
929,Asoka,nullam orci pede venenatis non sodales sed tincidunt,Veal - Ground,7.62,Vihti,Finland
930,Viva,eu massa donec dapibus duis at velit,Irish Cream - Butterscotch,1.02,Telpaneca,Nicaragua
931,Bytecard,nisl venenatis lacinia,Flour Dark Rye,1.01,Geneng Tengah,Indonesia
932,Ronstring,accumsan tellus nisi eu orci,Beets - Mini Golden,1.84,Alvito de São Pedro,Portugal
933,Overhold,sagittis nam congue risus,Beef - Prime Rib Aaa,2.65,Sadananya,Indonesia
934,Tresom,erat vestibulum sed magna,Onions - Red Pearl,6.95,Frederico Westphalen,Brazil
935,Lotlux,etiam justo etiam pretium iaculis justo in hac habitasse,"Beef - Bones, Cut - Up",0.86,Jieshipu,China
936,Temp,nulla ultrices aliquet maecenas leo,Muffin Mix - Lemon Cranberry,9.18,Sosnytsya,Ukraine
937,Wrapsafe,posuere cubilia curae mauris viverra diam vitae quam suspendisse potenti,Wine - Merlot Vina Carmen,4.51,Rîşcani,Moldova
938,Voyatouch,ipsum praesent blandit lacinia erat vestibulum,Tea - Green,1.41,Paris 07,France
939,Transcof,purus sit amet nulla quisque arcu,"Soup - Knorr, Veg / Beef",2.53,Yulin,China
940,Regrant,tellus nisi eu orci mauris lacinia sapien quis,Wine - Barbera Alba Doc 2001,0.16,Pasirtundun,Indonesia
941,Cardguard,nulla mollis molestie lorem quisque ut erat curabitur,Chick Peas - Dried,3.24,Mirošov,Czech Republic
942,Matsoft,ut rhoncus aliquet pulvinar sed,Chicken Breast Wing On,8.50,Shiyaogou,China
943,Lotlux,nulla eget eros,"Red Snapper - Fillet, Skin On",2.53,Khvatovka,Russia
944,Home Ing,quisque porta volutpat erat quisque erat eros,"Cheese - Havarti, Roasted Garlic",7.52,Montalvão,Portugal
945,Job,nulla elit ac nulla sed vel,Beer - Corona,1.18,Taunoa,French Polynesia
946,Vagram,iaculis congue vivamus metus arcu adipiscing molestie,Shrimp - Black Tiger 8 - 12,2.55,La Plata,Colombia
947,Lotlux,tempor convallis nulla neque libero convallis eget eleifend luctus,Carbonated Water - Orange,7.64,Shijing,China
948,Bigtax,volutpat eleifend donec ut dolor,Coffee - Flavoured,0.27,Rajhradice,Czech Republic
949,Lotlux,integer non velit donec diam neque,Foam Dinner Plate,5.33,Dagestanskiye Ogni,Russia
950,Tempsoft,vel augue vestibulum ante,Compound - Passion Fruit,6.43,Užice,Serbia
951,Temp,in purus eu magna vulputate luctus cum sociis natoque penatibus,Beans - Yellow,5.07,Longsheng,China
952,Gembucket,sapien urna pretium,Melon - Watermelon Yellow,2.15,Ypacarai,Paraguay
953,Fixflex,justo etiam pretium iaculis justo in hac,Butter Balls Salted,0.92,Paris 15,France
954,Ventosanzap,vel pede morbi porttitor lorem id,Passion Fruit,3.81,Lipiany,Poland
955,Trippledex,dui vel nisl duis ac nibh,"Tomatoes - Plum, Canned",4.63,Bria,Central African Republic
956,Alpha,erat nulla tempus vivamus in felis eu sapien cursus,Apple - Fuji,0.68,Néa Karyá,Greece
957,Bigtax,tincidunt in leo maecenas pulvinar lobortis est phasellus sit amet,Shortbread - Cookie Crumbs,3.33,Trunovskoye,Russia
958,Y-find,posuere nonummy integer non,"Cheese - Romano, Grated",1.07,Thung Song,Thailand
959,Zathin,tellus in sagittis dui vel,Figs,8.56,Shuangfeng,China
960,Vagram,blandit lacinia erat vestibulum sed magna at nunc commodo,"Pork - Chop, Frenched",8.55,Ylihärmä,Finland
961,Lotstring,nam dui proin leo,Foam Cup 6 Oz,0.33,Killam,Canada
962,Lotstring,nisi nam ultrices libero non mattis pulvinar nulla,Sprouts Dikon,8.88,Pavlovka,Russia
963,Prodder,lectus in est risus auctor sed tristique,Irish Cream - Baileys,3.27,Marataizes,Brazil
964,Latlux,potenti in eleifend quam a odio in hac,Cup - 4oz Translucent,2.14,Yaotian,China
965,Pannier,ligula in lacus curabitur at ipsum ac tellus semper,Carbonated Water - Peach,1.38,Andrijevica,Montenegro
966,Ventosanzap,justo aliquam quis turpis eget,Beans - Green,3.76,Estancia,Philippines
967,Tin,consequat morbi a ipsum integer a nibh in quis justo,Sugar - Crumb,8.38,Kil,Sweden
968,Gembucket,elit ac nulla sed vel enim sit,"Veal - Brisket, Provimi,bnls",7.30,Malabang,Philippines
969,Zathin,habitasse platea dictumst aliquam augue quam,"Veal - Chops, Split, Frenched",1.66,Balong Wetan,Indonesia
970,Namfix,hac habitasse platea dictumst morbi vestibulum velit,"Radish - Black, Winter, Organic",5.49,Yilan,Taiwan
971,Daltfresh,sapien in sapien iaculis congue,The Pop Shoppe - Grape,6.81,Jorowaru Daya,Indonesia
972,Voyatouch,etiam pretium iaculis justo in hac habitasse platea,Asparagus - Frozen,6.75,Ngaruawahia,New Zealand
973,Tres-Zap,mus etiam vel augue vestibulum,Shrimp - 31/40,6.51,Mauá,Brazil
974,Viva,vulputate luctus cum sociis natoque penatibus,"Nut - Pecan, Halves",0.68,Bastos,Brazil
975,Wrapsafe,ipsum dolor sit amet,Wine - Hardys Bankside Shiraz,4.10,Montpellier,France
976,It,semper sapien a libero nam,Sproutsmustard Cress,1.41,Sumbersewu,Indonesia
977,Regrant,luctus tincidunt nulla mollis,Beef - Short Ribs,5.38,Brongkah,Indonesia
978,Tres-Zap,quis justo maecenas rhoncus aliquam lacus,Pepper - Roasted Red,6.82,Qingu,China
979,Vagram,interdum eu tincidunt in leo maecenas pulvinar,Beer - Fruli,8.53,Sarpang,Bhutan
980,Lotlux,blandit ultrices enim lorem ipsum,"Basil - Dry, Rubbed",7.67,Sestroretsk,Russia
981,Otcom,quis libero nullam sit amet turpis elementum ligula vehicula consequat,Coffee - Frthy Coffee Crisp,6.15,Sunzhuang,China
982,Span,tristique tortor eu,Squash - Acorn,8.00,Longquan,China
983,Greenlam,convallis morbi odio,"Tarragon - Primerba, Paste",7.62,Yopal,Colombia
984,Home Ing,faucibus orci luctus et ultrices,Island Oasis - Magarita Mix,0.49,Khlong Khuean,Thailand
985,Latlux,a libero nam dui proin,"Pasta - Linguini, Dry",0.57,Shawnee Mission,United States
986,Stringtough,ipsum dolor sit amet consectetuer adipiscing elit proin,Lighter - Bbq,8.93,Garies,South Africa
987,Sonair,magna vulputate luctus,Wonton Wrappers,1.62,Támara,Honduras
988,Vagram,nulla suspendisse potenti cras in,"Mushroom - Morels, Dry",3.74,Žirovnice,Czech Republic
989,Alphazap,justo morbi ut odio cras mi pede malesuada in imperdiet,Lemonade - Pineapple Passion,5.13,Acas,Peru
990,Tres-Zap,non velit donec diam neque,Lettuce - Radicchio,0.29,Chicago,United States
991,Opela,etiam faucibus cursus urna ut tellus,Chocolate Bar - Coffee Crisp,1.10,Colca,Peru
992,Fix San,ullamcorper purus sit amet,Glass - Juice Clear 5oz 55005,2.52,Concepción del Uruguay,Argentina
993,Zontrax,consequat varius integer ac leo pellentesque,Lamb Tenderloin Nz Fr,8.53,Itabaiana,Brazil
994,Toughjoyfax,viverra eget congue eget semper rutrum nulla nunc purus phasellus,Wine - Magnotta - Belpaese,6.36,Malinta,Philippines
995,Stronghold,dis parturient montes nascetur ridiculus mus etiam,Bagel - Sesame Seed Presliced,6.37,San Pedro,Mexico
996,Flowdesk,potenti nullam porttitor lacus at turpis,Maple Syrup,6.83,Xixiang,China
997,Fintone,id ligula suspendisse ornare consequat lectus in,"Beef - Kindney, Whole",8.49,Apaga,Armenia
998,Otcom,ipsum primis in,Shrimp - 31/40,1.32,Kyshtym,Russia
999,Konklab,metus arcu adipiscing molestie,"Pepper - Green, Chili",4.27,Kaznějov,Czech Republic
1000,Wrapsafe,semper porta volutpat,Papadam,5.99,Al Qārah,Saudi Arabia
